county_name,year,GDP,primary_ind,secondary_ind,tertiary_ind,finance_rev,finance_exp,常住人口,城镇人口,乡村人口,人均gdp,第一产业占gdp比重,第二产业占gdp比重,第三产业占gdp比重,城镇化率,财政自给率,非农产业合计占比,gdp相对误差
小店区,2019,9996027,41864,4825236,5128927,243697,459760,1318724,1229249,89475,75800.75133234855,0.0041880639177945,0.482715382821595,0.5130965532606104,0.9321503210679416,0.5300526361579955,9996027,0.0
小店区,2020,10636837,44124,4920153,5672560,237205,471608,1364860,1276350,88510,77933.53897103,0.0041482256426416,0.4625579013761328,0.5332938729812255,0.935150857963454,0.5029706875201438,10636837,0.0
小店区,2021,14251524,57665,7446441,6747418,271933,502793,1414155,1322734,91421,100777.6658145677,0.0040462339325955,0.5225013830099855,0.473452383057419,0.935352913930934,0.5408448407197395,14251524,0.0
小店区,2022,15871737,49838,8848967,6972932,223863,470755,1428411,1337031,91380,111114.6371737546,0.0031400469904459,0.5575298406217291,0.439330112387825,0.9360268158114156,0.4755403553865598,15871737,0.0
小店区,2023,15806192,50298,8480189,7275705,257763,647777,1436291,1345003,91288,110048.67398041204,0.003182170632876,0.5365105649735243,0.4603072643935996,0.9364418491795884,0.3979193457007581,15806192,0.0
小店区,2024,13972833,52571,5228273,8691989,275362,628123,1454601,1362627,91974,96059.55860060596,0.0037623723120429,0.3741741563790249,0.6220634713089321,0.9367702895845664,0.4383886595459806,13972833,0.0
迎泽区,2019,8601614,3130,1008443,7590041,195162,293604,594007,581503,12504,144806.61002311422,0.0003638851964294,0.1172388112277533,0.8823973035758172,0.9789497430164964,0.6647116524298035,8601614,0.0
迎泽区,2020,9021875,3383,1098716,7919776,178011,305853,594284,582904,11380,151810.8345504843,0.0003749774852788,0.1217835538621406,0.8778414686525805,0.9808509063006912,0.582014889505743,9021875,0.0
迎泽区,2021,10525190,4029,1366808,9154353,190491,283162,591373,580179,11194,177978.8728940956,0.0003827959400257,0.1298606485963674,0.8697565554636069,0.9810711682812708,0.6727279790367352,10525190,0.0
迎泽区,2022,11173279,5318,1491565,9676396,166375,305955,595369,584217,11152,187669.81485431723,0.0004759569684064,0.1334939367396088,0.8660301062919846,0.9812687593744384,0.5437891193149319,11173279,0.0
迎泽区,2023,11648608,5297,1410270,10233041,183900,299161,597951,586853,11098,194808.7385086738,0.0004547324452844,0.121067684653823,0.8784775829008925,0.9814399507651964,0.6147191645969896,11648608,0.0
迎泽区,2024,11874032,5242,1517392,10351398,184546,267717,607515,596322,11193,195452.49088499876,0.0004414675655244,0.1277907959149849,0.8717677365194906,0.9815757635613936,0.6893323920408491,11874032,0.0
杏花岭区,2019,7307771,5797,1470328,5831646,155248,267421,771738,723100,48638,94692.38264799712,0.0007932651419974,0.2012006123344587,0.7980061225235437,0.9369760203592412,0.580537803687818,7307771,0.0
杏花岭区,2020,7496941,6451,1534724,5955766,148247,327330,781027,732644,48383,95988.24368427724,0.0008604842961949,0.2047133624234204,0.7944261532803846,0.9380520775850258,0.4528976873491583,7496941,0.0
杏花岭区,2021,8754295,8340,1722003,7023952,158090,343477,785644,737148,48496,111428.26776504373,0.0009526752297015,0.1967037893970902,0.8023435353732082,0.9382722963581468,0.460263714892118,8754295,0.0
杏花岭区,2022,9212076,13588,1850890,7347598,160957,341741,792175,743725,48450,116288.3958721242,0.0014750203971395,0.2009199663572033,0.7976050132456571,0.9388392716255878,0.470991189233952,9212076,0.0
杏花岭区,2023,9467409,13611,1681087,7772711,149756,344343,796032,747717,48315,118932.5177882296,0.001437668954621,0.1775656887750386,0.8209966422703403,0.939305203810902,0.4349035699869026,9467409,0.0
杏花岭区,2024,9346062,13696,1450905,7881461,145455,376378,802966,754509,48457,116394.24334280654,0.0014654300388762,0.1552423897894107,0.8432921801717129,0.9396524883992596,0.3864598887288842,9346062,0.0
尖草坪区,2019,3407836,28674,2289069,1090093,141031,262754,525054,494942,30112,64904.48601477181,0.0084141373000343,0.6717075000088032,0.3198783626911624,0.9426497084109444,0.5367415909938573,3407836,0.0
尖草坪区,2020,3639853,27605,2489504,1122744,141846,303882,531288,501722,29566,68509.97952146482,0.0075840974896513,0.6839572916818344,0.3084586108285142,0.944350333529084,0.4667798685015894,3639853,0.0
尖草坪区,2021,5132684,31313,3777072,1324299,170131,306665,534268,504646,29622,96069.46326562698,0.0061007067647258,0.7358863315957109,0.2580129616395632,0.9445559157576348,0.5547780150979081,5132684,0.0
尖草坪区,2022,5817647,29566,4484996,1303085,90069,229210,537335,507812,29523,108268.5289437688,0.0050821234083126,0.7709295527899853,0.2239883238017019,0.94505662203281,0.3929540595960036,5817647,0.0
尖草坪区,2023,5821854,29874,4416316,1375664,127661,277772,538603,509126,29477,108091.7484677954,0.0051313550631809,0.758575532811369,0.23629311212545,0.9452713779908392,0.4595891594545166,5821854,0.0
尖草坪区,2024,3908721,29330,2046677,1832714,49719,218799,543212,513586,29626,71955.71894582594,0.0075037333183923,0.523618083767043,0.4688781829145646,0.9454614404689146,0.2272359562886484,3908721,0.0
万柏林区,2019,4759791,3116,2484074,2272601,232645,388678,938010,933930,4080,50743.49953625228,0.0006546505928516,0.5218872005094342,0.4774581488977142,0.9956503662007868,0.5985545876020768,4759791,0.0
万柏林区,2020,4860403,3202,2412100,2445101,201345,357662,953276,952109,1167,50986.31456157503,0.000658793108308,0.4962757203466461,0.5030654865450458,0.9987758005026875,0.5629476992244073,4860403,0.0
万柏林区,2021,5774223,3786,2855782,2914655,209050,416910,968271,968271,0,59634.36889052755,0.0006556726333569,0.4945742483447556,0.5047700790218874,1.0,0.5014271665347437,5774223,0.0
万柏林区,2022,6204833,4976,3279158,2920699,202624,340488,976956,976956,0,63511.89818169907,0.0008019555079081,0.5284844894294496,0.4707135550626423,1.0,0.5950987993703155,6204833,0.0
万柏林区,2023,6299974,2648,3312499,2984827,214628,379389,982367,982367,0,64130.55405973531,0.0004203191949681,0.5257956620138432,0.4737840187911886,1.0,0.5657201447590732,6299974,0.0
万柏林区,2024,7263060,5044,3090246,4167770,206363,400122,997394,997394,0,72820.36988391749,0.0006944731284059,0.425474386828692,0.573831140042902,1.0,0.515750196190162,7263060,0.0
晋源区,2019,754974,35664,240868,478442,93344,293633,308935,256555,52380,24437.956204379563,0.0472387128563367,0.3190414504340547,0.6337198367096085,0.8304497709874246,0.3178934247853613,754974,0.0
晋源区,2020,800874,36310,260814,503750,64569,205059,318647,270611,48036,25133.580419712096,0.0453379682696653,0.3256617145768248,0.6290003171535098,0.849250110623982,0.3148801076763273,800874,0.0
晋源区,2021,977671,45259,332088,600324,69575,198215,325364,276382,48982,30048.530261491745,0.0462926690062403,0.3396725483316985,0.6140347826620611,0.8494547645099028,0.3510077441162374,977671,0.0
晋源区,2022,1024609,36929,368760,618920,52265,187980,328006,279086,48920,31237.50785046615,0.0360420414031108,0.3599031435406091,0.60405481505628,0.8508563867734127,0.2780348973295031,1024609,0.0
晋源区,2023,1061596,36352,362299,662945,69704,182004,330761,282020,48741,32095.56144769184,0.034242781623141,0.3412776611818431,0.6244795571950158,0.852639821502535,0.3829805938331025,1061596,0.0
晋源区,2024,1366566,38312,298829,1029425,73831,192488,338386,289003,49383,40384.8267954348,0.0280352357661466,0.2186714728743434,0.7532932913595098,0.8540631113580349,0.3835615726694651,1366566,0.0
清徐县,2019,1863574,84066,1101669,677839,143475,330826,344424,141403,203021,54106.97280096625,0.0451100949036636,0.5911592456215852,0.3637306594747512,0.4105492067916289,0.4336871950814023,1863574,0.0
清徐县,2020,1948319,101008,1154627,692684,132304,376911,344526,145889,198637,56550.71025118569,0.0518436662579382,0.59262728536754,0.3555290483745218,0.4234484480126319,0.3510218592718175,1948319,0.0
清徐县,2021,2960757,137316,1985659,837782,155998,354131,345952,147895,198057,85582.8843307742,0.0463786795066261,0.6706592266775018,0.282962093815872,0.4275015030986958,0.4405093030545193,2960757,0.0
清徐县,2022,3561857,154110,2543105,864642,204837,408642,348589,150925,197664,102179.27129083248,0.0432667566384613,0.7139829027386557,0.2427503406228829,0.4329597319479387,0.5012627189569354,3561857,0.0
清徐县,2023,3530177,162044,2430769,937364,207208,410376,347359,152625,194734,101629.06387915672,0.0459025142365382,0.6885685901868377,0.265528895576624,0.4393869167057712,0.5049223151451352,3530177,0.0
清徐县,2024,3927131,171724,1925190,1830217,166206,302780,346890,154618,192272,113209.69183314596,0.0437275965584035,0.4902281080004716,0.4660442954411248,0.4457263109343019,0.5489332188387608,3927131,0.0
阳曲县,2019,494756,55970,276264,162522,65369,225617,128043,65692,62351,38639.831931460525,0.1131264704217836,0.5583843349044781,0.3284891946737381,0.5130463984755121,0.2897343728531095,494756,0.0
阳曲县,2020,621886,64172,394678,163036,56073,190253,128671,68627,60044,48331.48106410924,0.1031893305203847,0.6346468645378736,0.2621638049417417,0.5333525036721561,0.2947285982349818,621886,0.0
阳曲县,2021,805186,87948,536174,181064,61495,199983,126434,67818,58616,63684.29378173593,0.1092269363848849,0.6659007980764693,0.2248722655386457,0.5363905278643403,0.3075011375966957,805186,0.0
阳曲县,2022,821011,88556,544996,187459,67699,227274,127592,68930,58662,64346.58912784501,0.1078621358300924,0.6638108381008293,0.2283270260690782,0.5402376324534454,0.2978739319059813,821011,0.0
阳曲县,2023,814323,85421,530916,197986,74601,246843,127418,69585,57833,63909.5732157152,0.1048981792237232,0.6519722517968914,0.2431295689793853,0.5461159333846082,0.3022204397126918,814323,0.0
阳曲县,2024,1185949,84672,405901,695376,77943,275886,127272,70032,57240,93182.23961279778,0.0713959875171697,0.3422583939106993,0.5863456185721309,0.5502545728832736,0.2825188664883321,1185949,0.0
娄烦县,2019,248994,22377,99949,126668,42256,169088,92417,45353,47064,26942.445653938128,0.0898696354129015,0.4014112789866422,0.5087190856004562,0.490743045110748,0.2499053747161241,248994,0.0
娄烦县,2020,310226,24880,151134,134212,45680,210850,91066,45893,45173,34066.06197702765,0.0801995964232527,0.4871738667938857,0.4326265367828615,0.5039531768168142,0.2166469053829736,310226,0.0
娄烦县,2021,416846,35403,235902,145541,52516,223853,88627,44940,43687,47033.74818057702,0.0849306458500261,0.5659212275036825,0.3491481266462914,0.507068951899534,0.2346003850741334,416846,0.0
娄烦县,2022,450427,47918,254885,147624,88030,240895,88850,45469,43381,50695.216657287565,0.1063834983249227,0.5658741594087389,0.3277423422663383,0.5117501406865503,0.3654289213142656,450427,0.0
娄烦县,2023,435064,41030,243048,150986,61298,226794,88059,45602,42457,49405.96645430904,0.0943079638857731,0.5586488424691539,0.3470431936450729,0.5178573456432619,0.2702805188849793,435064,0.0
娄烦县,2024,438540,41272,211473,185795,66044,221014,87819,45887,41932,49936.80183103884,0.094112281661878,0.4822205500068409,0.4236671683312811,0.5225179061478723,0.298822699014542,438540,0.0
古交市,2019,435198,20399,214851,199948,161072,230575,210404,158465,51939,20683.922358890515,0.046872917614511,0.493685632746474,0.4594414496390149,0.7531463280165777,0.6985666269109834,435198,0.0
古交市,2020,605742,23444,373142,209156,128259,282252,210877,159666,51211,28724.896503649048,0.0387029461387851,0.6160081354768202,0.3452889183843947,0.7571522736002504,0.4544130776752689,605742,0.0
古交市,2021,830753,33979,555892,240882,187291,248334,210869,160074,50795,39396.639619858775,0.0409014472412377,0.6691423323177887,0.2899562204409734,0.759115849176503,0.7541899216377943,830753,0.0
古交市,2022,1008108,43407,706340,258361,283449,366616,211728,161217,50511,47613.35298118341,0.0430578866550012,0.7006590563709444,0.2562830569740543,0.761434481976876,0.7731495624849979,1008108,0.0
古交市,2023,852366,33272,549438,269656,221296,325830,209551,160759,48792,40675.8259325892,0.0390348746899806,0.644603374606683,0.3163617507033364,0.7671593072808052,0.6791762575576221,852366,0.0
古交市,2024,905773,36630,492189,376954,207843,302959,208613,160831,47782,43418.81857794097,0.0404405960433795,0.5433911145507759,0.4161682894058445,0.7709538715228677,0.6860433259946065,905773,0.0
新荣区,2019,590971,42365,338203,210403,23823,121538,92258,35772,56486,64056.34199744196,0.0716871047817913,0.5722835807510013,0.3560293144672073,0.3877387326844284,0.1960127696687456,590971,0.0
新荣区,2020,615074,50236,348116,216722,19273,116273,88417,35495,52922,69565.12887793072,0.081674725317604,0.565974175465066,0.3523510992173299,0.4014499474083038,0.1657564524868198,615074,0.0
新荣区,2021,784150,74476,472744,236930,25374,141821,87436,35906,51530,89682.73937508577,0.0949767263916342,0.6028744500414461,0.3021488235669196,0.4106546502584747,0.1789156753936299,784150,0.0
新荣区,2022,925796,86417,585451,253928,30287,147678,87442,36454,50988,105875.4374328126,0.0933434579540201,0.6323758149743572,0.2742807270716227,0.4168934836806111,0.2050880970760709,925796,0.0
新荣区,2023,886853,91762,542490,252601,33645,165166,85846,36584,49262,103307.4342427137,0.1034692333453232,0.6117022776040674,0.2848284890506093,0.4261584698180463,0.2037041521862853,886853,0.0
新荣区,2024,683880,104011,182412,397457,30627,147674,83593,36577,47016,81810.67792757766,0.152089547873896,0.2667310054395508,0.5811794466865532,0.4375605612910171,0.2073960209650988,683880,0.0
平城区,2019,4136028,10152,803479,3322397,87107,241816,1085620,1073683,11937,38098.30327370535,0.0024545288378125,0.1942634334196963,0.8032820377424911,0.9890044398592508,0.3602201674000066,4136028,0.0
平城区,2020,4281681,12429,812723,3456529,92023,289842,1106724,1106724,0,38687.88424214167,0.0029028318550587,0.1898140006226526,0.8072831675222886,1.0,0.3174936689644703,4281681,0.0
平城区,2021,4836449,18777,1052064,3765608,97631,227774,1121168,1121168,0,43137.59400910479,0.0038823938803035,0.217528190620846,0.7785894154988505,1.0,0.4286310114411654,4836449,0.0
平城区,2022,5037542,20863,1119027,3897652,98904,296255,1121736,1121736,0,44908.44548093312,0.0041415039318778,0.2221375027741704,0.7737209932939517,1.0,0.3338475299994937,5037542,0.0
平城区,2023,5281459,23813,1032811,4224865,106994,287685,1127691,1127691,0,46834.27463728983,0.0045087919834273,0.1955541073025465,0.799942780962609,1.0,0.3719137250812521,5281489,5.680248582825314e-06
平城区,2024,5418275,24422,664107,4729746,82905,255770,1136590,1136590,0,47671.32387228464,0.0045073385902339,0.1225679759702119,0.8729246854395541,1.0,0.3241388747703014,5418275,0.0
云冈区,2019,3858963,54832,1990450,1813681,115818,278607,687460,592412,95048,56133.63686614494,0.0142089986351255,0.5157991926846668,0.4699918086802076,0.8617403194367672,0.4157038408941627,3858963,0.0
云冈区,2020,4060052,55435,2051787,1952830,123071,311422,682845,592927,89918,59457.88575738271,0.0136537660108786,0.5053597835692745,0.4809864504198468,0.868318578886863,0.3951904489727765,4060052,0.0
云冈区,2021,5132872,75240,2940645,2116987,160928,321510,683348,594206,89142,75113.58780592027,0.014658460214866,0.5729044090715685,0.4124371307135654,0.8695510925619158,0.5005380859071258,5132872,0.0
云冈区,2022,5648057,81990,3394223,2171844,194599,349744,683627,595370,88257,82618.98666963125,0.0145164965580198,0.6009540980199032,0.384529405422077,0.8708988966205256,0.5564041127224484,5648057,0.0
云冈区,2023,5611359,91901,3312575,2206883,195158,412704,677489,593040,84449,82825.83185852465,0.0163776725032207,0.5903338210939632,0.3932885064028161,0.8753500056827491,0.4728764441342948,5611359,0.0
云冈区,2024,5442839,94494,3184916,2163429,198190,365985,667746,588546,79200,81510.61930734142,0.0173611602327388,0.5851571211274116,0.3974817186398495,0.881392026309405,0.5415249258849406,5442839,0.0
云州区,2019,1252023,69729,613940,568354,24704,157097,154711,72128,82583,80926.56630750238,0.055693066341433,0.4903584039590327,0.4539485296995342,0.4662111937741983,0.1572531620591099,1252023,0.0
云州区,2020,1273464,78266,631337,563861,25554,195019,150666,72597,78069,84522.3208952252,0.0614591382245591,0.4957635237431133,0.4427773380323275,0.4818406276133965,0.131033386490547,1273464,0.0
云州区,2021,1679877,117547,926592,635738,30297,199360,148481,72721,75760,113137.50580882402,0.0699735754462975,0.5515832409158528,0.3784431836378497,0.4897663674140126,0.1519713081861958,1679877,0.0
云州区,2022,2032196,126222,1235641,670333,34537,217969,148571,73528,75043,136782.8176427432,0.0621111349495816,0.6080323945131276,0.3298564705372906,0.4949014276002719,0.1584491372626382,2032196,0.0
云州区,2023,2119851,140881,1290847,688123,40085,245275,146118,73534,72584,145078.01913521948,0.0664579727537454,0.6089328919815591,0.3246091352646955,0.5032507973008117,0.1634288044032208,2119851,0.0
云州区,2024,1218332,145196,409081,664055,47452,263270,143404,73605,69799,84958.02069677276,0.1191760538178427,0.3357713660972543,0.545052580084903,0.5132702016680148,0.1802408174117825,1218332,0.0
阳高县,2019,510331,122815,122067,265449,14770,211196,198685,87970,110715,25685.43171351637,0.2406575340318342,0.2391918186431943,0.5201506473249714,0.4427611545914387,0.0699350366484213,510331,0.0
阳高县,2020,552958,150539,132001,270418,15140,243501,191446,86718,104728,28883.236003886213,0.2722430998376007,0.2387179496453618,0.4890389505170374,0.4529632376753758,0.0621763360314742,552958,0.0
阳高县,2021,732040,235553,196963,299524,16607,213856,186628,86101,100527,39224.55365754335,0.3217761324517786,0.2690604338560734,0.4091634336921479,0.4613509226911289,0.0776550576088583,732040,0.0
阳高县,2022,799179,239867,230393,328919,17821,248551,186689,87165,99524,42808.0390381865,0.3001417704919674,0.288287104641138,0.4115711248668947,0.4668994959531627,0.0716995707118458,799179,0.0
阳高县,2023,812925,238360,224217,350348,19752,307255,182591,86837,95754,44521.63578708698,0.2932127810068579,0.2758151120952117,0.4309721068979303,0.4755820385451638,0.0642853655758246,812925,0.0
阳高县,2024,935622,258919,187769,488934,20411,304372,177129,86077,91052,52821.50297240994,0.2767346214603761,0.2006889534448741,0.5225764250947498,0.4859565627311168,0.0670593878543361,935622,0.0
天镇县,2019,374746,75170,90921,208655,24543,280291,166796,67760,99036,22467.325355524117,0.2005891990841797,0.2426203348401317,0.5567904660756886,0.406244754070841,0.0875625689016058,374746,0.0
天镇县,2020,406904,89381,96235,221288,19402,295594,160243,67113,93130,25392.93448075735,0.2196611485755853,0.2365054165110198,0.5438334349133948,0.4188201668715638,0.0656373268740231,406904,0.0
天镇县,2021,502179,127314,128649,246216,18190,243807,158870,67957,90913,31609.42909296909,0.2535231461291691,0.2561815607582157,0.4902952931126152,0.4277522502675143,0.0746081941863851,502179,0.0
天镇县,2022,545925,135771,142739,267415,19996,240972,158976,68980,89996,34340.08907004831,0.2486989971149883,0.26146265512662,0.4898383477583917,0.4339019726247987,0.0829805952558803,545925,0.0
天镇县,2023,554400,146419,116763,291218,20490,302938,155446,68870,86576,35665.11843341096,0.2641035353535353,0.2106114718614718,0.5252849927849927,0.4430477464843096,0.0676376024136952,554400,0.0
天镇县,2024,626045,153948,127919,344178,23889,311154,151490,68820,82670,41325.83008779457,0.2459056457602888,0.2043287623094186,0.5497655919302925,0.4542874117103439,0.0767754873792398,626045,0.0
广灵县,2019,407690,75294,126453,205943,25284,256600,157105,53204,103901,25950.16072053722,0.1846844416100468,0.3101694915254237,0.5051460668645295,0.3386524935552656,0.0985346843335931,407690,0.0
广灵县,2020,423615,80920,128966,213729,26737,290196,153823,54626,99197,27539.11963750545,0.1910225086458222,0.3044415329957626,0.504535958358415,0.3551224459281122,0.0921342816579139,423615,0.0
广灵县,2021,525813,105935,182841,237037,31621,236267,153597,56105,97492,34233.285806363405,0.2014689633006411,0.3477300865516828,0.450800950147676,0.3652740613423439,0.1338358721277199,525813,0.0
广灵县,2022,603984,107276,227481,269227,17737,231520,153673,57674,95999,39303.19574681304,0.1776139765291795,0.3766341492489867,0.4457518742218337,0.3753034039811808,0.0766110919143054,603984,0.0
广灵县,2023,654308,117637,231590,305081,19715,258437,152535,58999,93536,42895.59773166814,0.1797884176870831,0.3539464594655728,0.466265122847344,0.3867899170682138,0.0762855163927765,654308,0.0
广灵县,2024,659178,121080,141049,397049,21173,278783,151111,60486,90625,43622.10560448941,0.18368331467373,0.2139771048184253,0.6023395805078446,0.4002752943200693,0.0759479595240742,659178,0.0
灵丘县,2019,506582,48581,152707,305294,18793,232610,214971,75562,139409,23565.132041066005,0.0958995779557899,0.3014457679112167,0.6026546541329932,0.351498574226291,0.0807918834099995,506582,0.0
灵丘县,2020,543226,55209,163424,324593,20200,259302,212178,77691,134487,25602.371593661926,0.1016317333853681,0.3008397978005471,0.5975284688140847,0.3661595452874473,0.0779014431049509,543226,0.0
灵丘县,2021,678851,94922,217273,366656,26067,221009,210188,79070,131118,32297.324300150343,0.1398274437247643,0.3200599247846729,0.5401126314905628,0.3761870325613261,0.1179454230370708,678851,0.0
灵丘县,2022,731313,97057,229372,404884,25309,261051,210301,81218,129083,34774.58499959582,0.1327160873661483,0.3136440894664801,0.5536398231673716,0.3861988292970552,0.0969504043271238,731313,0.0
灵丘县,2023,747861,97655,208878,441328,28526,304724,209020,83118,125902,35779.39910056454,0.1305790781976864,0.2793005652119846,0.5901203565903289,0.3976557267247153,0.0936125805647077,747861,0.0
灵丘县,2024,866191,101671,125908,638612,34168,335391,206729,84995,121734,41899.83021250043,0.1173771142854174,0.1453582408498818,0.7372646448647008,0.4111421232628223,0.1018751248542745,866191,0.0
浑源县,2019,464205,89297,77160,297748,15658,335608,248773,103465,145308,18659.78221109204,0.1923654419922232,0.1662196658803761,0.6414148921274007,0.4159012433021268,0.0466556220352315,464205,0.0
浑源县,2020,476797,98234,78036,300527,16177,298112,237086,100836,136250,20110.719317041072,0.2060289808870441,0.1636671371673899,0.630303881945566,0.4253140210725222,0.0542648400601116,476797,0.0
浑源县,2021,554101,129000,105298,319803,20050,281292,233718,101475,132243,23708.101215995342,0.2328095419427144,0.1900339468797204,0.5771565111775651,0.4341770852052473,0.071278244671018,554101,0.0
浑源县,2022,569020,132907,109466,326647,21257,287611,233812,103602,130210,24336.646536533623,0.233571754947102,0.1923763663843098,0.5740518786685881,0.4430995842813884,0.0739088560590519,569020,0.0
浑源县,2023,582574,142107,104404,336063,26057,348808,228984,103874,125110,25441.69024910037,0.2439295265494169,0.1792115679724807,0.5768589054781024,0.4536299479439611,0.0747029884635673,582574,0.0
浑源县,2024,659923,146320,101402,412201,28776,342238,223539,104057,119482,29521.60473116548,0.2217228373613285,0.1536573206268004,0.624619842011871,0.4654981904723561,0.0840818377854008,659923,0.0
左云县,2019,1007541,27888,591935,387718,103497,173557,121953,60622,61331,82617.15578952547,0.0276792706202526,0.587504627603244,0.3848161017765034,0.4970931424401204,0.5963285836929654,1007541,0.0
左云县,2020,1061209,29446,624771,406992,98760,168454,117614,59268,58346,90228.11910146751,0.0277475973158915,0.5887351124990459,0.3835172901850625,0.5039196014079956,0.5862728103814692,1061209,0.0
左云县,2021,1432948,41823,939106,452019,175333,238119,115282,58975,56307,124299.3702399334,0.0291866836758905,0.6553664194374116,0.3154468968866979,0.5115716243646016,0.7363251147535476,1432948,0.0
左云县,2022,1532225,44411,1001495,486319,234039,276323,115355,59592,55763,132826.92557756492,0.0289846465107931,0.6536213676189855,0.3173939858702214,0.5165965931255689,0.8469761836691119,1532225,0.0
左云县,2023,1463687,49130,887416,527141,207268,271282,112832,59218,53614,129722.68505388542,0.0335659194896176,0.6062880930144218,0.3601459874959605,0.5248333806012478,0.7640315243915925,1463687,0.0
左云县,2024,1514542,48963,980240,485339,141922,269450,109695,58664,51031,138068.4625552669,0.0323285851432314,0.6472187631640456,0.3204526516927229,0.5347919230593919,0.526709964742995,1514542,0.0
城区,2019,2024177,2192,323323,1698662,30135,75650,226729,224269,2460,89277.37519241033,0.001082909251513,0.1597305966820095,0.8391864940664774,0.9891500425618248,0.3983476536682088,2024177,0.0
城区(阳泉市),2019,2024177,2192,323323,1698662,30135,75650,566695,566695,0,35718.98463900334,0.001082909251513,0.1597305966820095,0.8391864940664774,1.0,0.3983476536682088,2024177,0.0
城区(阳泉市),2020,2084079,2303,310395,1771381,29316,120199,225308,224032,1276,92499.11232623788,0.0011050444824788,0.1489362927221089,0.8499586627954122,0.9943366413975536,0.2438955398963385,2084079,0.0
城区(阳泉市),2021,2259588,3076,353035,1903477,31345,85658,582364,582364,0,38800.269247412274,0.0013613101149413,0.1562386594370301,0.8424000304480286,1.0,0.3659319619883723,2259588,0.0
城区(阳泉市),2022,2272156,3576,347286,1921294,29871,89267,585097,585097,0,38833.834389853306,0.0015738355993162,0.1528442589329254,0.8455819054677584,1.0,0.3346253374707338,2272156,0.0
城区(阳泉市),2023,2296988,4018,292986,1999984,29130,102207,586025,586025,0,39196.07525276225,0.0017492472751272,0.1275522553883607,0.870698497336512,1.0,0.285009832985999,2296988,0.0
城区(阳泉市),2024,2091117,4251,222919,1863947,30707,93178,219296,218243,1053,95355.91164453524,0.0020328848170618,0.1066028347529095,0.8913642804300286,0.9951982708302932,0.3295520401811586,2091117,0.0
矿区,2019,1519711,1089,1079043,439588,27264,88828,233220,233220,0,65162.12160192093,0.0007165836135949,0.7100317099764363,0.2892576285885935,1.0,0.3069302472193452,1519720,5.92217862475168e-06
矿区,2020,1630777,944,1169022,460811,25617,611,230554,230554,0,70732.97362006298,0.0005788651667272,0.7168496980273821,0.2825714368058907,1.0,41.92635024549918,1630777,0.0
矿区,2021,2235719,1300,1739243,495176,23788,80596,227972,227972,0,98069.89454845332,0.0005814684224627,0.7779345257610639,0.2214840058164733,1.0,0.2951511241252668,2235719,0.0
矿区,2022,2668672,1374,2189157,478141,21469,88865,227928,227928,0,117083.99143589204,0.0005148628231569,0.8203169966185428,0.1791681405583001,1.0,0.2415911776289878,2668672,0.0
矿区,2023,2513268,1483,2007079,504706,24118,98866,225464,225464,0,111470.92218713409,0.0005900683890456,0.7985933056084747,0.2008166260024796,1.0,0.2439463516274553,2513268,0.0
矿区,2024,1699451,1529,1209793,488129,20356,94815,222718,222718,0,76305.05841467685,0.0008997023156301,0.7118728342270533,0.2872274634573165,1.0,0.2146917681801402,1699451,0.0
郊区,2019,1228188,15118,605027,608043,47933,170448,269960,186907,83053,45495.1844717736,0.0123091904496705,0.4926175797190658,0.4950732298312636,0.6923507186249814,0.2812177320942458,1228188,0.0
郊区,2020,1248661,16552,589123,642986,46173,200655,275118,192402,82716,45386.3796625448,0.0132557996125449,0.4718037962265178,0.5149404041609372,0.699343554402111,0.230111385213426,1248661,0.0
郊区,2021,1551084,27950,832917,690217,46773,174147,275665,195185,80480,56266.99073150381,0.0180196559309489,0.5369902597151411,0.4449900843539099,0.708051439246912,0.2685834381298558,1551084,0.0
郊区,2022,1729727,30550,987364,711813,55566,172998,275893,196388,79505,62695.57400876427,0.0176617466224438,0.5708207133264382,0.4115175400511179,0.7118266864327837,0.3211944646758922,1729727,0.0
郊区,2023,1767820,30791,995157,741872,61053,174338,274541,197693,76848,64391.83947024306,0.017417497256508,0.5629289181025218,0.4196535846409702,0.7200855245664582,0.350199038649061,1767820,0.0
郊区,2024,1757097,32914,815035,909148,64145,193488,272780,131755,200451,64414.43654226849,0.0187320335758355,0.4638531623467571,0.5174148040774073,0.4830082850648874,0.3315192673447449,1757097,0.0
平定县,2019,1112228,47058,573643,491527,47794,265617,308232,150238,157994,36084.11845622778,0.0423096703193949,0.5157602577888706,0.4419300718917344,0.4874185678320226,0.1799357721832563,1112228,0.0
平定县,2020,1146995,46449,587333,513213,51016,313286,306057,155827,150230,37476.51581241403,0.0404962532530656,0.5120623891124199,0.4474413576345145,0.5091437215943435,0.1628416207554758,1146995,0.0
平定县,2021,1436337,61071,825609,549657,57148,255176,303644,158138,145506,47303.32231165444,0.0425185732874666,0.5748017352473688,0.3826796914651645,0.5208006744740551,0.2239552308994576,1436337,0.0
平定县,2022,1594577,62828,973097,558652,77402,284842,303592,159958,143634,52523.68310100398,0.0394010449166142,0.6102540046670685,0.3503449504163173,0.5268847663970065,0.2717366118760576,1594577,0.0
平定县,2023,1593377,68177,952071,573129,100783,350033,300448,161900,138548,53033.37016721696,0.0427877394991894,0.5975177249326431,0.3596945355681675,0.5388619661305784,0.2879242814248942,1593377,0.0
平定县,2024,1462710,70054,728624,664032,91319,320129,296861,163692,133169,49272.55516891744,0.0478932939543723,0.4981329176665231,0.4539737883791045,0.5514095822624057,0.2852568808199194,1462710,0.0
盂县,2019,1292797,38008,792423,562366,86286,267982,283264,132992,150272,45639.297616357886,0.0293998206988413,0.6129523815417269,0.4349994624059307,0.4694984184365115,0.3219843123791897,1392797,0.077351664646499
盂县,2020,1311934,38422,688506,585006,75002,287619,280888,135878,145010,46706.65888183191,0.0292865342311427,0.5248023147505896,0.4459111510182676,0.4837444105835778,0.2607685862199646,1311934,0.0
盂县,2021,1683069,59916,986412,636741,89749,237533,279168,138370,140798,60288.750859697386,0.0355992535065407,0.5860793586002713,0.378321387893188,0.4956513640531866,0.3778380267162878,1683069,0.0
盂县,2022,1864174,61826,1132278,670070,140489,357235,279151,140165,138986,66780.1297505651,0.0331653590276444,0.6073885806797005,0.3594460602926551,0.5021117603017722,0.3932677369238736,1864174,0.0
盂县,2023,1855634,71439,1100819,683376,165237,396491,276579,142450,134129,67092.3678225751,0.0384984323417225,0.5932306694100238,0.3682708982482537,0.5150427183553343,0.4167484255632536,1855634,0.0
盂县,2024,1551808,64357,828628,658823,121044,359494,273113,144559,128554,56819.26528579745,0.0414722697653318,0.5339758526828061,0.4245518775518621,0.5293010585362102,0.3367065931559358,1551808,0.0
潞州区,2019,4560214,17787,1566041,2976386,114863,271277,891778,766885,124893,51136.2020592569,0.0039004748461366,0.3434139275042794,0.652685597649584,0.8599505706577197,0.4234159180468672,4560214,0.0
潞州区,2020,4725533,19868,1606878,3098787,116965,317594,895410,770410,125000,52775.07510525904,0.00420439345149,0.3400416418634681,0.6557539646850419,0.860399146759585,0.3682846653274306,4725533,0.0
潞州区,2021,5657023,32205,2206526,3418292,157717,278408,899034,776980,122054,62923.348838864826,0.0056929236455287,0.3900507387012568,0.6042563376532144,0.8642387273451282,0.5664959340248843,5657023,0.0
潞州区,2022,6024698,34524,2380556,3609618,158732,363559,901265,781741,119524,66847.13153179143,0.0057304117152428,0.3951328348740468,0.5991367534107104,0.8673819575818433,0.4366058879026513,6024698,0.0
潞州区,2023,6112799,35825,2381820,3695154,150445,389945,906015,789302,116713,67469.07060037638,0.0058606540146338,0.3896447437581376,0.6044946022272285,0.8711798369784165,0.3858108194745412,6112799,0.0
潞州区,2024,6295494,30843,1838640,4426011,147852,348098,910181,796857,113324,69167.49525643801,0.004899218393346,0.2920565089888101,0.7030442726178439,0.8754928964678454,0.4247424575837839,6295494,0.0
上党区,2019,2161812,65187,1377000,719625,202751,286993,320377,140810,179567,67477.12850797654,0.0301538709193953,0.6369656565880845,0.3328804724925202,0.4395134482188172,0.7064667082472394,2161812,0.0
上党区,2020,2200841,77134,1348420,775287,158450,329361,319537,147194,172343,68875.93612007373,0.0350475113831485,0.6126839694462253,0.3522685191706261,0.4606477497128658,0.4810830669083468,2200841,0.0
上党区,2021,3052100,116489,2044280,891331,213902,364289,319329,149858,169471,95578.54125369134,0.0381668359490187,0.6697945676747158,0.2920385963762655,0.469290293083309,0.5871766646810637,3052100,0.0
上党区,2022,3669742,119238,2661685,888819,207014,361309,317993,150792,167201,115403.2321466196,0.0324922024491095,0.72530575718947,0.2422020403614205,0.4741991175906387,0.5729555588153077,3669742,0.0
上党区,2023,3532023,125906,2488738,917379,207450,489964,316289,153463,162826,111670.75048452524,0.035646993238719,0.7046211193981466,0.2597318873631344,0.4851986632478524,0.42339845376395,3532023,0.0
上党区,2024,3075636,109369,2095533,870734,216193,452181,313124,156992,156132,98224.21788173376,0.0355597996641995,0.6813332266887239,0.2831069736470766,0.5013732578786678,0.4781116411348552,3075636,0.0
屯留区,2019,1317413,55485,897554,364374,110079,206386,254039,115473,138566,51858.69098839154,0.0421166331287151,0.6813003970660682,0.2765829698052167,0.4545483173843386,0.5333646662079792,1317413,0.0
屯留区,2020,1368264,69116,923145,376003,118035,236868,253699,120532,133167,53932.5736404164,0.0505136435658615,0.6746833944326533,0.2748029620014851,0.475098443430995,0.4983155175034196,1368264,0.0
屯留区,2021,2183253,103368,1669683,410202,199266,257938,251579,121656,129923,86782.00485732115,0.0473458641760712,0.7647684441519146,0.1878856916720142,0.4835697733117629,0.7725344850312866,2183253,0.0
屯留区,2022,2563843,110089,2063306,390448,163566,359688,250905,122969,127936,102183.81459117992,0.0429390567207118,0.8047708069487874,0.1522901363305007,0.490101831370439,0.4547441115633549,2563843,0.0
屯留区,2023,2484147,102992,1958659,422496,173380,448683,249432,124866,124566,99592.15337246224,0.0414597042767597,0.7884634041383219,0.1700768915849183,0.5006013663042432,0.3864198108686979,2484147,0.0
屯留区,2024,1734985,89930,1141652,503403,169889,380887,246886,127462,119424,70274.74218870248,0.0518333011524595,0.6580183690348907,0.2901483298126496,0.5162787683384235,0.4460351757870444,1734985,0.0
潞城区,2019,1242811,30261,801621,410929,79216,177255,219513,127175,92338,56616.7379608497,0.0243488350199668,0.6450063605809733,0.3306448043990598,0.5793506534920483,0.4469041775972469,1242811,0.0
潞城区,2020,1284375,39361,816197,428817,81800,194324,219055,129702,89353,58632.53520805277,0.0306460340632603,0.6354818491484185,0.3338721167883212,0.5920978749629089,0.4209464605504209,1284375,0.0
潞城区,2021,1746782,62156,1222392,462234,112991,171557,216699,129823,86876,80608.6783972238,0.0355831466090216,0.6997965401521197,0.2646203132388586,0.5990936737133074,0.6586207499548256,1746782,0.0
潞城区,2022,1891544,66533,1332559,492452,79828,243984,215507,130188,85319,87771.81251653079,0.0351739108368613,0.7044821584906299,0.2603439306725088,0.6041010268807974,0.3271853892058495,1891544,0.0
潞城区,2023,1814192,73003,1248067,493122,75885,231238,214042,131565,82477,84758.69221928407,0.0402399525518798,0.6879464797551748,0.2718135676929454,0.6146690836377907,0.3281683806294813,1814192,0.0
潞城区,2024,1498898,71292,708332,719274,76667,260846,211307,132949,78358,70934.61172606681,0.0475629429087236,0.4725685136680415,0.4798685434232349,0.6291746132404511,0.2939167171434486,1498898,0.0
襄垣县,2019,2147786,46001,1451620,650165,175817,78851,260357,135320,125037,82493.88339856429,0.0214178693780479,0.6758680799669986,0.3027140506549535,0.5197478846353276,2.229737099085617,2147786,0.0
襄垣县,2020,2247510,56329,1501753,689428,179995,290026,260026,139503,120523,86434.04890280202,0.0250628473288216,0.6681852361057348,0.3067519165654435,0.5364963503649635,0.620616772289381,2247510,0.0
襄垣县,2021,3207125,83448,2376821,746856,222002,270354,257760,140250,117510,124422.91278708876,0.0260195658105,0.7411064426862065,0.2328739915032934,0.5441108007448789,0.8211530067984938,3207125,0.0
襄垣县,2022,4489199,86461,3660914,741824,264291,352690,257200,141511,115689,174541.17418351478,0.0192597833154645,0.8154938108112383,0.1652464058732972,0.5501982892690513,0.7493577929626585,4489199,0.0
襄垣县,2023,4707924,91749,3856062,760113,272739,352417,255285,143059,112226,184418.355955109,0.0194882075411582,0.8190578267618593,0.1614539656969823,0.5603893687447363,0.77390988516445,4707924,0.0
襄垣县,2024,4725287,92142,3701935,931210,356698,394097,251321,144559,106762,188017.99292538228,0.0194997679506027,0.7834307207160115,0.1970695113333856,0.5751966608440998,0.9051020434055576,4725287,0.0
平顺县,2019,230936,28270,58861,143805,11439,2813,116838,36973,79865,19765.487255858538,0.122414868188589,0.2548801399521945,0.6227049918592165,0.3164467039832931,4.066477070742979,230936,0.0
平顺县,2020,243258,33039,54873,155346,12277,229729,115885,38131,77754,20991.32760926781,0.13581876032854,0.2255753150975507,0.6386059245739092,0.3290417223972041,0.0534412285780201,243258,0.0
平顺县,2021,301830,49191,76830,175809,15129,220907,112985,38408,74577,26714.16559720317,0.1629758473312792,0.254547261703608,0.5824768909651128,0.3399389299464531,0.0684858334050075,301830,0.0
平顺县,2022,320478,48261,85582,186635,19088,234518,111605,38593,73012,28715.3801352986,0.1505906801714938,0.2670448517526944,0.5823644680758118,0.3457999193584516,0.0813924730724294,320478,0.0
平顺县,2023,320720,51117,74710,194893,21889,232185,109789,39974,69815,29212.39832770132,0.1593820154652032,0.232944624594662,0.6076733599401347,0.3640984069442294,0.0942739625729482,320720,0.0
平顺县,2024,379025,51864,127329,199832,20579,256264,107557,41773,65784,35239.45442881449,0.1368353011015104,0.3359382626475826,0.5272264362509069,0.3883801147298641,0.0803039053476102,379025,0.0
黎城县,2019,303581,22556,78276,202749,21301,141586,134876,60701,74175,22508.155639253837,0.0742997750188582,0.2578422233275468,0.6678580016535949,0.4500504166790237,0.1504456655319028,303581,0.0
黎城县,2020,336597,25975,90917,219705,24799,156750,134098,62328,71770,25100.82178705126,0.0771694340710107,0.270106388351649,0.6527241775773402,0.4647944040925293,0.158207336523126,336597,0.0
黎城县,2021,434049,40592,137211,256246,39493,141262,129920,61503,68417,33408.94396551724,0.0935193952756486,0.3161186870606775,0.590361917663674,0.4733913177339901,0.2795727088672113,434049,0.0
黎城县,2022,589006,43505,293772,251729,43480,185928,128495,61562,66933,45838.82641347912,0.0738617263661151,0.4987589260550826,0.4273793475788022,0.4791003540993813,0.2338539649756895,589006,0.0
黎城县,2023,602749,48475,279993,274281,47135,215595,126783,62389,64394,47541.78399312211,0.080423194397668,0.4645266935324654,0.4550501120698665,0.4920927884653305,0.2186275191910758,602749,0.0
黎城县,2024,602284,55007,276455,270822,42067,201069,124738,63460,61278,48283.92310282352,0.0913306679241022,0.4590110313406964,0.4496583007352013,0.5087463323125271,0.2092167365431767,602284,0.0
壶关县,2019,536090,47720,189617,298753,22505,240115,241619,88686,152933,22187.410758259903,0.0890149042138446,0.3537036691600291,0.5572814266261262,0.3670489489651062,0.0937259229952314,536090,0.0
壶关县,2020,587635,61621,216275,309739,27820,268868,239957,92935,147022,24489.179311293272,0.1048627123980021,0.3680430879712746,0.5270941996307231,0.3872985576582471,0.1034708481485338,587635,0.0
壶关县,2021,758762,84078,338135,336549,38141,237416,234165,92922,141243,32402.87831230116,0.1108094501306074,0.445640398438509,0.4435501514308834,0.3968227531868554,0.1606505037571183,758762,0.0
壶关县,2022,880410,85654,468074,326682,40804,287738,232736,93886,138850,37828.69861130208,0.0972887631898774,0.5316545700298725,0.3710566667802501,0.4034012787020486,0.1418095628662185,880410,0.0
壶关县,2023,826369,91703,394361,340305,43979,313652,230763,96990,133773,35810.290211169035,0.1109710068988551,0.4772214349763846,0.4118075581247602,0.4203013481363997,0.1402159080764669,826369,0.0
壶关县,2024,690600,94298,179013,417289,43274,335121,226968,99792,127176,30427.19678544993,0.136545033304373,0.2592137271937446,0.6042412395018825,0.4396743153219837,0.1291294786062347,690600,0.0
长子县,2019,1706323,89139,1125158,492026,152987,292530,300348,100661,199687,56811.53195626407,0.0522404023153881,0.6594050481649723,0.2883545495196396,0.335147895108341,0.5229788397771169,1706323,0.0
长子县,2020,1795717,106327,1178941,510449,159498,296701,298608,104408,194200,60136.26560574399,0.0592114459015535,0.6565293974495982,0.2842591566488483,0.3496490382039329,0.5375714945349022,1795717,0.0
长子县,2021,2524690,144840,1795589,584261,188566,259276,294181,105881,188300,85820.97416216547,0.0573694196119127,0.7112116735123917,0.2314189068756956,0.3599178736900071,0.7272790385535105,2524690,0.0
长子县,2022,2998925,155062,2247489,596374,295188,386858,292335,106870,185465,102585.21901243436,0.0517058612669539,0.7494315463040923,0.1988625924289537,0.3655737424530076,0.7630396683020644,2998925,0.0
长子县,2023,3027484,170640,2229104,627740,296622,461733,289165,110158,179007,104697.45646948974,0.0563636339614016,0.7362892751869209,0.2073470908516775,0.3809520515968391,0.6424102240905458,3027484,0.0
长子县,2024,2681949,177986,1779641,724322,265192,462485,283972,114288,169684,94444.13533728676,0.0663644237828534,0.6635625807947877,0.2700729954223589,0.4024622145845365,0.5734067050823269,2681949,0.0
武乡县,2019,596831,34277,254457,308097,49566,196056,156095,54126,101969,38235.11323232647,0.0574316682611995,0.4263468217971251,0.5162215099416753,0.3467503763733623,0.2528155220957278,596831,0.0
武乡县,2020,650016,43845,276230,329941,54343,233934,155294,55657,99637,41857.122619032285,0.0674521857923497,0.4249587702456555,0.5075890439619948,0.3583976199981969,0.2323005634067728,650016,0.0
武乡县,2021,855080,75312,422909,356859,70159,206444,150792,55542,95250,56705.92604382195,0.0880759694999298,0.4945841324788324,0.4173398980212378,0.3683351901957663,0.339845188041309,855080,0.0
武乡县,2022,1145673,76427,706353,362893,182644,333429,149842,56041,93801,76458.73653581773,0.066709261717785,0.61653979800519,0.3167509402770249,0.374000613980059,0.5477747886356615,1145673,0.0
武乡县,2023,1124243,82755,662891,378597,201139,393855,147906,57713,90193,76010.64189417603,0.0736095310355501,0.5896332020746404,0.3367572668898094,0.3902005327708139,0.5106930215434614,1124243,0.0
武乡县,2024,877242,76909,474417,325916,197350,400327,145468,59770,85698,60304.80930513927,0.0876713609243515,0.54080515980767,0.3715234792679785,0.4108807435312233,0.4929719953937655,877242,0.0
沁县,2019,306154,45628,61618,198908,11239,148366,139618,60266,79352,21927.97490294948,0.149036106012007,0.2012647229825512,0.6496991710054417,0.4316492142846911,0.0757518568944367,306154,0.0
沁县,2020,328587,56369,61059,211159,12788,176526,138430,61725,76705,23736.690023838764,0.1715496961230967,0.1858229327392745,0.6426273711376287,0.4458932312360038,0.0724425863612159,328587,0.0
沁县,2021,409238,86258,91121,231859,13986,157698,135751,61739,74012,30146.2236005628,0.2107771028105894,0.2226601635234264,0.5665627336659841,0.4547959131056124,0.0886885058783243,409238,0.0
沁县,2022,426848,92920,93190,240738,10940,201534,134774,62212,72562,31671.39062430439,0.2176887322887772,0.2183212759577179,0.5639899917535047,0.4616023862169261,0.0542836444470908,426848,0.0
沁县,2023,433498,103181,78742,251575,11915,248345,133025,62934,70091,32587.70907724112,0.2380195525700233,0.1816432832446747,0.5803371641853019,0.4730990415335463,0.0479776117900501,433498,0.0
沁县,2024,457804,91515,93483,272806,13176,213396,130091,63692,66399,35191.05856669562,0.1998999571869184,0.2041987400721706,0.5959013027409109,0.4895957445172994,0.0617443625934881,457804,0.0
沁源县,2019,1289451,23495,887446,378510,131375,197903,150216,70744,79472,85839.79070139,0.0182209327845726,0.6882355358986111,0.2935435313168162,0.4709485008254779,0.6638353132595262,1289451,0.0
沁源县,2020,1348026,27578,910361,410087,135271,208006,149927,73023,76904,89912.1572498616,0.0204580623815861,0.675328962497756,0.3042129751206579,0.4870570344234194,0.6503225868484563,1348026,0.0
沁源县,2021,1980860,53420,1445271,482169,180932,235408,149481,74038,75443,132515.83813327446,0.0269680845693284,0.729617943721414,0.2434139717092576,0.4953004060716746,0.7685890029225855,1980860,0.0
沁源县,2022,3048114,52824,2473798,521492,306523,355672,149044,74681,74363,204511.01688092103,0.0173300604898635,0.8115831625720036,0.1710867769381329,0.5010667990660476,0.8618136935153737,3048114,0.0
沁源县,2023,3075621,49744,2493669,532208,314741,431752,148088,75875,72213,207688.739128086,0.016173644281919,0.810785529166305,0.173040826551776,0.5123642698935768,0.7289856213752339,3075621,0.0
沁源县,2024,2914669,53950,2373768,486951,297112,379295,145975,76983,68992,199669.05292002056,0.0185098204976276,0.8144211229474084,0.1670690565549638,0.5273711251926699,0.7833269618634572,2914669,0.0
城区(晋城市),2019,3426739,5385,1038687,2382667,94848,245629,566695,566695,0,60468.84126381916,0.0015714648825019,0.3031123759352551,0.695316159182243,1.0,0.3861433299813947,3426739,0.0
城区(晋城市),2020,4495778,8161,1077614,3410003,95058,206989,574822,574822,0,78211.65508627018,0.0018152586715803,0.2396946646386899,0.7584900766897298,1.0,0.4592417954577296,4495778,0.0
城区(晋城市),2021,3524822,4993,1011182,2508647,140243,178293,582364,582364,0,60526.09708017666,0.0014165254302203,0.2868746279953995,0.7117088465743802,1.0,0.7865872468352656,3524822,0.0
城区(晋城市),2022,4207112,7623,1328019,2871470,157617,330429,224497,223272,1225,187401.70247263883,0.0018119317954929,0.3156604815845168,0.6825275866199901,0.9945433569268186,0.4770071634148334,4207112,0.0
城区(晋城市),2023,4252681,8112,1078420,3166149,169358,325083,586025,586025,0,72568.25220767032,0.00190750258484,0.2535859143914157,0.7445065830237443,1.0,0.5209684911238053,4252681,0.0
城区(晋城市),2024,4310082,8398,1004982,3296701,178438,335421,587287,587287,0,73389.70554430797,0.0019484548089804,0.2331700417764673,0.764881271400405,1.0,0.5319821955095239,4310081,-2.32014147294645e-07
沁水县,2019,2195418,74875,1629856,490687,188270,280735,197572,93530,104042,111119.89553175552,0.0341051225780238,0.7423898319135581,0.223505045508418,0.4733970400664061,0.670632446969562,2195418,0.0
沁水县,2020,2271783,93096,1684794,493893,162310,267888,196489,95979,100510,115618.83871361756,0.0409792660654648,0.7416174872335958,0.2174032467009393,0.48847009247337,0.605887535089291,2271783,0.0
沁水县,2021,3310976,136838,2632428,541710,254188,305464,194762,96788,97974,170001.12958379972,0.0413285991804229,0.7950610333629722,0.1636103674566049,0.4969552582125877,0.832137338606186,3310976,0.0
沁水县,2022,4267926,133408,3584817,549700,400069,479009,193881,97477,96404,220131.21450786825,0.0312582739250868,0.8399435697807319,0.1287979219883381,0.5027671612999727,0.8352014262780031,4267925,-2.34305843165978e-07
沁水县,2023,4280697,146721,3499575,634400,373564,558166,191513,98620,92893,223519.91770793629,0.034275025772672,0.8175245760211479,0.1482001645993631,0.5149519875935316,0.6692704320936782,4280696,-2.336068168338e-07
沁水县,2024,4332963,147878,3386925,798160,378562,592445,189131,100410,88721,229098.50844123916,0.0341286089911222,0.7816648792062152,0.1842065118026625,0.5309018616725973,0.638982521584282,4332963,0.0
阳城县,2019,2171845,84016,1266668,821161,191086,345548,352160,172033,180127,61672.10926851431,0.0386841602416378,0.5832220991829528,0.3780937405754094,0.488508064516129,0.5529940847581233,2171845,0.0
阳城县,2020,2446440,104838,1468766,872836,197068,371171,350386,174902,175484,69821.28281381105,0.0428532888605483,0.6003686990075375,0.3567780121319141,0.4991694873653627,0.5309358759170302,2446440,0.0
阳城县,2021,3246204,149695,2162705,933804,300519,401399,346832,176038,170794,93595.86197352032,0.0461138609896358,0.6662258440935936,0.2876602949167705,0.5075598560686442,0.7486789952142382,3246204,0.0
阳城县,2022,3961240,151075,2922357,887808,419049,541815,345973,177593,168380,114495.63983316618,0.0381383102260908,0.7377379305470004,0.2241237592269087,0.5133146228173875,0.7734171257717117,3961240,0.0
阳城县,2023,4028543,163457,2893267,971819,435018,573947,341852,179593,162259,117844.65207165676,0.0405747189492578,0.718191912063493,0.2412333689872492,0.5253530767700643,0.7579410642446079,4028543,0.0
阳城县,2024,4115111,154003,2615545,1345563,414118,616127,338739,183461,155278,121483.23635601452,0.0374237778762225,0.6355952488280389,0.3269809732957385,0.5415998748298838,0.6721309080757701,4115111,0.0
陵川县,2019,441862,51463,89277,301122,18860,207562,206534,88185,118349,21394.15302081013,0.1164684901620868,0.2020472455200945,0.6814842643178187,0.4269757037582189,0.0908644164153361,441862,0.0
陵川县,2020,485611,63361,97896,324354,19920,238988,204780,89766,115014,23713.79040921965,0.130476863168256,0.2015934564908949,0.667929680340849,0.4383533548198066,0.0833514653455403,485611,0.0
陵川县,2021,615610,99831,152135,363644,33104,213064,199491,89327,110164,30859.03624724925,0.162165981709199,0.2471288640535404,0.5907051542372606,0.4477745863221899,0.1553711560845567,615610,0.0
陵川县,2022,735214,110152,245641,379421,35938,280481,199262,90513,108749,36896.849374190766,0.1498230447189525,0.3341081644255958,0.5160687908554517,0.4542411498429203,0.1281298911512722,735214,0.0
陵川县,2023,759637,117479,243400,398758,38166,295419,196712,91776,104936,38616.70869087803,0.1546514980181323,0.3204161987896851,0.5249323031921825,0.4665500833706129,0.1291927736536918,759637,0.0
陵川县,2024,828411,109217,268149,451044,40088,338496,194087,93705,100382,42682.45683636719,0.1318391474763131,0.3236907766796916,0.5444688687137182,0.4827989509858981,0.1184297598789941,828410,-1.20713027712089e-06
泽州县,2019,3019950,134163,2138420,747367,235833,387298,418125,194757,223368,72226.00896860987,0.0444255699597675,0.7080978161890098,0.2474766138512227,0.4657865470852018,0.6089187137552995,3019950,0.0
泽州县,2020,3005281,147598,2054959,802724,265000,485007,414893,197264,217629,72435.08567269151,0.0491128782965719,0.6837826479454001,0.2671044737580279,0.4754575276035025,0.5463838666246054,3005281,0.0
泽州县,2021,4327024,187726,3214409,924889,374189,526592,414416,200710,213706,104412.57094320684,0.0433845525238593,0.7428683085649629,0.2137471389111777,0.4843201034709085,0.7105861843704424,4327024,0.0
泽州县,2022,5564130,189927,4527065,847138,514158,693356,414643,203300,211343,134190.85815991106,0.0341341773107386,0.8136159651194347,0.1522498575698267,0.4903012953311644,0.7415497954874553,5564130,0.0
泽州县,2023,5613565,192244,4516721,904600,453287,746061,410160,206127,204033,136862.80963526428,0.0342463300950465,0.8046083014982458,0.1611453684067076,0.5025526623756583,0.6075736434420241,5613565,0.0
泽州县,2024,5853587,201848,4089052,1562688,400969,574569,406168,211004,195164,144117.38492446474,0.0344827880750726,0.6985549202565879,0.2669624625037605,0.5194993204782258,0.6978604832491833,5853588,1.7083542108454185e-07
高平县,2019,2295739,125217,1198027,972496,220392,406240,454382,239934,214448,50524.42658379953,0.0545432211588512,0.5218480846472531,0.4236091297834815,0.5280446848686787,0.5425167388735723,2295740,4.355895857499481e-07
高平县,2020,2523229,151381,1311743,1060105,237368,446623,452990,243462,209528,55701.64904302523,0.0599949509140866,0.5198668055891875,0.4201382434967258,0.5374555729707058,0.5314728529430862,2523229,0.0
高平县,2021,3417235,188180,2053018,1176036,360166,492468,450767,245548,205219,75809.34274248115,0.0550679130934805,0.6007833818862326,0.3441484123860373,0.5447337538018533,0.7313490419682092,3417234,-2.92634249619941e-07
高平县,2022,4273161,188792,2864081,1220289,568970,638318,450411,247729,202682,94872.48313207272,0.0441808768731157,0.6702487924044986,0.2855705647411834,0.5500065495736116,0.8913582258372786,4273162,2.340187977939516e-07
高平县,2023,4340004,183527,2897444,1259033,525088,797098,445586,250454,195132,97399.91830982122,0.0422872882144809,0.6676132095730787,0.2900995022124403,0.5620778031625769,0.6587496142256034,4340004,0.0
高平县,2024,4471964,194741,2519034,1758188,458289,644572,442198,256054,186144,101130.3533711143,0.0435470857994384,0.5632947850206308,0.3931579055645349,0.5790482996304823,0.7109973750023272,4471963,-2.23615395830556e-07
朔城区,2019,3144883,76382,694109,2374392,80150,257244,557366,383094,174272,56424.01940556116,0.0242877080005838,0.2207105955929044,0.7550016964065118,0.687329331175565,0.3115718928332633,3144883,0.0
朔城区,2020,3169048,91514,652394,2425140,73791,295740,565216,393702,171514,56067.91032101002,0.0288774420583089,0.2058643479051122,0.7652582100365788,0.6965514068957708,0.2495130858186244,3169048,0.0
朔城区,2021,3840687,130330,958554,2751803,93426,296721,569460,400535,168925,67444.36834896218,0.0339340331560473,0.2495787862952643,0.7164871805486883,0.7033593228672778,0.3148614354899046,3840687,0.0
朔城区,2022,3989486,140090,1062232,2787164,106351,374773,569740,402983,166757,70022.92273668692,0.0351147992498281,0.2662578587818079,0.6986273419683638,0.7073103520904273,0.2837744447972506,3989486,0.0
朔城区,2023,4168787,145974,1103915,2918898,103084,391454,568142,406429,161713,73375.79337559977,0.0350159410878991,0.2648048461099115,0.7001792128021892,0.7153651727913092,0.2633361774308092,4168787,0.0
朔城区,2024,3124175,126957,446952,2550266,85843,316871,570186,413019,157167,54792.2081566366,0.0406369681595941,0.1430624084758376,0.8163006233645682,0.7243583672696278,0.2709083507168532,3124175,0.0
平鲁区,2019,2178921,54968,1352088,771865,126809,227104,153512,84894,68618,141938.15467194747,0.0252271651886415,0.6205309875851396,0.3542418472262189,0.5530121423732347,0.5583741369592786,2178921,0.0
平鲁区,2020,2424358,42228,1595025,787105,111620,224667,147436,82811,64625,164434.6021324507,0.0174182195863812,0.6579164463334211,0.3246653340801977,0.5616742179657614,0.4968241886881474,2424358,0.0
平鲁区,2021,3241438,61188,2315421,864829,168643,238885,147289,83998,63291,220073.3252313479,0.0188768071454706,0.7143190769035225,0.2668041159510069,0.5702937761815207,0.7059589342152082,3241438,0.0
平鲁区,2022,3618685,57230,2714130,847325,246275,364391,147269,84819,62450,245719.39783661196,0.0158151372667142,0.7500321249293597,0.234152737803926,0.5759460578940578,0.6758536846409489,3618685,0.0
平鲁区,2023,3646234,61910,2658785,925539,237528,361472,145430,85259,60171,250720.89665130991,0.0169791626099696,0.7291866073323874,0.253834230057643,0.5862545554562333,0.6571131373937678,3646234,0.0
平鲁区,2024,4054199,60400,2928606,1065193,216622,342664,140534,85424,55110,288485.2775840722,0.0148981340087154,0.7223636530915232,0.2627382128997614,0.6078529039236057,0.6321702892629515,4054199,0.0
山阴县,2019,1360446,86441,522080,751925,150077,257066,203477,110251,93226,66859.9399440723,0.063538721860331,0.3837565033819791,0.5527047747576898,0.5418351951326195,0.5838072712844172,1360446,0.0
山阴县,2020,1510114,104288,625218,780608,123267,240085,199031,109806,89225,75873.30616838583,0.0690596868845663,0.4140203984599838,0.5169199146554498,0.551703001040039,0.5134306599745924,1510114,0.0
山阴县,2021,2040949,147903,966299,926747,180361,252043,196426,110080,86346,103904.2183824952,0.0724677588709958,0.4734557306429509,0.4540765104860533,0.5604146090639732,0.7155961482762861,2040949,0.0
山阴县,2022,2252845,163060,1176795,912990,249832,298109,196366,111192,85174,114726.83662141104,0.0723795911392039,0.5223595054253621,0.4052609034354338,0.5662487395985049,0.8380558788899363,2252845,0.0
山阴县,2023,2316630,175612,1211717,929301,210991,383628,192987,111229,81758,120040.72813194671,0.0758049407976241,0.5230515878668583,0.4011434713355175,0.576354884007731,0.5499885305556425,2316630,0.0
山阴县,2024,1743129,160079,761335,821715,188337,377951,189438,111911,77527,92015.8046432078,0.0918342819148783,0.4367634294421124,0.4714022886430092,0.5907526473041311,0.4983106275681239,1743129,0.0
应县,2019,707541,154997,79693,472851,17757,229128,252752,99346,153406,27993.48768753561,0.2190643369076845,0.1126337554996812,0.6683019075926342,0.3930572260555802,0.077498166963444,707541,0.0
应县,2020,767904,209541,91067,467296,18296,245165,243310,99113,144197,31560.72500102749,0.2728739529941242,0.1185916468725257,0.60853440013335,0.4073527598536846,0.0746272918238737,767904,0.0
应县,2021,948929,294183,126671,528075,19265,233465,239180,100218,138962,39674.26206204532,0.3100158178325248,0.1334883853270371,0.556495796840438,0.4190066059035036,0.0825177221425053,948929,0.0
应县,2022,990063,309643,148937,531483,18368,261035,239100,101790,137310,41407.90464240904,0.3127508047467686,0.1504318412060646,0.5368173540471667,0.4257214554579673,0.0703660428678146,990063,0.0
应县,2023,1030940,319409,142263,569268,19286,332428,235291,103000,132291,43815.53055577986,0.3098230740877257,0.1379934816769162,0.552183444235358,0.4377558002643535,0.0580155702889046,1030940,0.0
应县,2024,991118,294334,127306,569478,19688,293771,231654,105021,126633,42784.411233995525,0.2969717026630532,0.1284468650554222,0.5745814322815245,0.4533528451915356,0.0670181876359477,991118,0.0
右玉县,2019,912619,64579,408568,439472,44089,187608,90650,51635,39015,100675.0137892995,0.0707622786726991,0.4476873700854354,0.4815503512418654,0.5696083838940982,0.235005969894674,912619,0.0
右玉县,2020,853182,62717,337657,452808,42248,182401,87854,51013,36841,97113.6203246295,0.0735095208290845,0.3957619827891352,0.5307284963817802,0.5806565438113234,0.2316215371626252,853182,0.0
右玉县,2021,1087651,87077,490149,510425,52801,171102,87288,51423,35865,124604.87123086794,0.0800596882639743,0.450649151244287,0.4692911604917386,0.5891187792136376,0.3085937043401012,1087651,0.0
右玉县,2022,1223311,88588,623162,511561,72162,214308,87268,51991,35277,140178.64509327587,0.0724165809021581,0.5094060300283411,0.4181773890695007,0.595762478800935,0.3367209810179741,1223311,0.0
右玉县,2023,1184860,100374,537700,546786,78346,223083,85797,52341,33456,138100.39978087813,0.0847138058504802,0.4538088888138683,0.4614773053356514,0.6100562956746739,0.351196639815674,1184860,0.0
右玉县,2024,1016733,99078,439416,478239,74102,218122,83077,52459,30618,122384.4144588755,0.0974474124475157,0.4321842607646255,0.4703683267878588,0.631450341249684,0.339727308570433,1016733,0.0
怀仁市,2019,2263792,99211,1172835,991746,130571,293736,345786,239319,106467,65468.0062235024,0.0438251394121014,0.5180842586244673,0.4380906019634312,0.6921014731654839,0.4445182068251763,2263792,0.0
怀仁市,2020,2280323,130296,1102693,1047334,128984,285139,348577,247613,100964,65418.05684253408,0.0571392736906131,0.4835687751252783,0.4592919511841086,0.710353809918612,0.4523548164228674,2280323,0.0
怀仁市,2021,3046843,214265,1587805,1244773,160936,258773,350703,251451,99252,86878.15616062595,0.0703236103730976,0.521131216803754,0.4085451728231484,0.7169913003310493,0.6219195974850544,3046843,0.0
怀仁市,2022,3287479,221883,1859661,1205935,241353,359954,350912,253063,97849,93683.85806128032,0.0674933588929389,0.5656799632788528,0.3668266778282081,0.7211580111252963,0.6705106763642021,3287479,0.0
怀仁市,2023,3046282,230789,1611189,1204304,225698,442334,351316,256444,94872,86710.59672773229,0.0757608783428454,0.5289034304768895,0.395335691180265,0.7299525213767663,0.5102433907409333,3046282,0.0
怀仁市,2024,2356040,219444,762107,1374489,170285,388329,352908,260747,92161,66760.74217643125,0.0931410332591976,0.3234694657136551,0.5833895010271473,0.738852618812835,0.4385070391343422,2356040,0.0
榆次区,2019,3075352,139585,862221,2073546,141628,369655,879022,690869,188153,34986.064057554875,0.0453883002661158,0.2803649793584604,0.6742467203754237,0.7859518874385396,0.3831356264625123,3075352,0.0
榆次区,2020,3007120,154492,793733,2058895,146082,447006,905920,717081,188839,33194.10102437301,0.0513754023783553,0.2639512224320945,0.6846733751895502,0.7915500264924055,0.3268009825371472,3007120,0.0
榆次区,2021,3386396,199618,954098,2232680,131215,359867,925978,738063,187915,36571.02004583262,0.0589470339558634,0.2817443677585255,0.6593085982856111,0.7970632131648916,0.3646208182467411,3386396,0.0
榆次区,2022,3555429,202299,1071925,2281205,138841,387584,934949,747024,187925,38028.05286705478,0.0568986189852195,0.3014896373967811,0.6416117436179994,0.7989997315361587,0.3582217016182298,3555429,0.0
榆次区,2023,3458791,209875,956136,2292780,121677,341818,935337,756174,179163,36979.08882039308,0.0606787169273887,0.2764364773702719,0.6628848057023393,0.8084508578191604,0.3559701361543277,3458791,0.0
榆次区,2024,4794960,202029,943343,3649588,115441,386579,948048,774742,173306,50577.18596526759,0.0421336152960608,0.1967363648497589,0.7611300198541803,0.8171970195601911,0.2986220151637828,4794960,0.0
太谷区,2019,1026207,201157,230044,595006,62021,240727,320708,177579,143129,31998.17279269616,0.1960199063151976,0.2241691978324061,0.5798108958523962,0.5537092931888198,0.2576403976288492,1026207,0.0
太谷区,2020,1047321,238604,238430,570287,64019,247878,322377,184450,137927,32487.46033370867,0.2278231793308832,0.2276570411554814,0.5445197795136353,0.5721562022104555,0.2582681803145095,1047321,0.0
太谷区,2021,1216941,310404,280424,626113,71843,277666,325435,188678,136757,37394.28764576644,0.2550690625100149,0.2304335214279081,0.514497416062077,0.5797716901992718,0.2587389165400157,1216941,0.0
太谷区,2022,1230049,301296,300432,628321,60486,2599386,327861,190977,136884,37517.393041563344,0.2449463395360672,0.2442439284939055,0.5108097319700272,0.5824938007265275,0.0232693412982912,1230049,0.0
太谷区,2023,1239979,269655,305961,664363,64162,259887,325573,193440,132133,38086.05136175297,0.217467392592939,0.2467469207139798,0.5357856866930811,0.5941524635028089,0.2468842227583526,1239979,0.0
太谷区,2024,1729353,262315,475898,991140,60186,230750,320493,194301,126192,53959.15043386283,0.1516838956534611,0.2751884664380262,0.5731276379085126,0.6062566109088185,0.260827735644637,1729353,0.0
榆社区,2019,353947,48238,115611,190098,36669,213444,114457,50082,64375,30924.015132320437,0.1362859411154777,0.3266336485406007,0.5370804103439215,0.4375617043955372,0.171796817900714,353947,0.0
榆社区,2020,375901,51937,132817,191147,39100,209185,111565,50936,60629,33693.45224756868,0.1381666981465864,0.353329733094618,0.5085035687587955,0.4565589566620356,0.1869158878504672,375901,0.0
榆社区,2021,425199,61486,157811,205902,42069,176620,111462,51937,59525,38147.44038326963,0.1446052319031794,0.3711462162422771,0.4842485518545434,0.4659614936032011,0.2381893330313667,425199,0.0
榆社区,2022,438529,65218,162883,210428,42100,192076,111245,52362,58883,39420.10876893344,0.1487199250220623,0.3714303957092917,0.4798496792686458,0.4706908175648344,0.2191840729711156,438529,0.0
榆社区,2023,458131,71354,166860,219917,37266,223284,110143,53062,57081,41594.20026692573,0.1557502111841373,0.3642189679371184,0.4800308208787442,0.4817555359850376,0.1668995539313161,458131,0.0
榆社区,2024,563642,73072,193021,297549,26901,223783,109276,54247,55029,51579.66982686042,0.1296425745419965,0.3424531883713421,0.5279042370866613,0.4964219041692594,0.1202102036347711,563642,0.0
左权县,2019,568753,45782,267435,255536,49234,186939,146626,74289,72337,38789.36887045953,0.0804953995847054,0.4702129043714934,0.4492916960438011,0.5066563910902568,0.2633693343818037,568753,0.0
左权县,2020,578066,49147,271912,257007,50844,230777,144397,75917,68480,40033.103180814,0.0850197036324572,0.4703822746883573,0.4445980216791854,0.5257519200537407,0.2203165826750499,578066,0.0
左权县,2021,761585,65692,413295,282598,57406,192962,143902,76848,67054,52923.86485246904,0.0862569509641077,0.5426774424391236,0.3710656065967685,0.5340301038206557,0.297498989438335,761585,0.0
左权县,2022,889872,77293,523750,288829,63150,224358,142987,76829,66158,62234.46886779917,0.0868585594332668,0.5885677940198141,0.3245736465469191,0.5373145810458293,0.281469793811676,889872,0.0
左权县,2023,768474,86662,397164,284648,58165,239519,141577,77506,64071,54279.57931019869,0.1127715446456223,0.5168216491384224,0.3704068062159552,0.5474476786483681,0.2428408602240323,768474,0.0
左权县,2024,803512,85616,296119,421777,54990,259342,140897,78884,62013,57028.32565633051,0.1065522356853413,0.3685308993518454,0.5249168649628132,0.559869975939871,0.2120366157429186,803512,0.0
和顺县,2019,577798,32340,289904,255554,60058,185852,124776,63214,61562,46306.82182470988,0.0559711179339492,0.5017393621992461,0.4422895198668046,0.5066198627941271,0.3231496029098422,577798,0.0
和顺县,2020,668891,35685,375109,258097,91865,191762,121485,63470,58015,55059.55467753221,0.0533494993952676,0.5607924161036701,0.3858580845010622,0.5224513314400955,0.4790573732021985,668891,0.0
和顺县,2021,921691,57168,591428,273095,82777,211584,120431,63918,56513,76532.70337371607,0.0620251255572637,0.6416770913462321,0.2962977830965041,0.5307437453811726,0.3912252344222625,921691,0.0
和顺县,2022,1137710,68843,781576,287291,95769,227143,119734,63964,55770,95019.79387642608,0.0605101475771505,0.6869729544435752,0.2525168979792742,0.5342175154926754,0.4216242631293942,1137710,0.0
和顺县,2023,1024006,72346,664884,286776,90138,242785,118443,64486,53957,86455.59467423148,0.070649976660293,0.6492969767755267,0.2800530465641803,0.5444475401670001,0.3712667586547769,1024006,0.0
和顺县,2024,1068589,62927,588535,417127,83718,257051,117652,65426,52226,90826.25029748752,0.0588879353989232,0.5507589915299521,0.3903530730711246,0.5560976438989562,0.3256863423989792,1068589,0.0
昔阳县,2019,878377,50621,506336,321420,75038,187105,195944,77719,118225,44827.961050095946,0.0576301519734692,0.5764449661136392,0.3659248819128916,0.3966388355856775,0.401047540151252,878377,0.0
昔阳县,2020,939277,53680,554741,330856,85028,224567,190734,78821,111913,49245.38886616964,0.0571503401020146,0.5906042626403074,0.352245397257678,0.4132509148867008,0.3786308763086295,939277,0.0
昔阳县,2021,1388196,83899,941821,362476,102518,224655,187924,79615,108309,73870.07513675741,0.06043743102559,0.6784495849289294,0.2611129840454806,0.4236553074647198,0.4563352696356635,1388196,0.0
昔阳县,2022,651636,83530,1204474,363632,115860,253161,186614,81965,104649,34918.923553431145,0.1281850603711274,1.8483846810182367,0.5580293292574382,0.4392221376745582,0.4576534300306919,1651636,1.534599070646803
昔阳县,2023,1630033,81759,1154172,394102,123456,280988,185143,83509,101634,88041.8379306806,0.0501578802392344,0.7080666465034757,0.2417754732572898,0.4510513494974155,0.4393639586032143,1630033,0.0
昔阳县,2024,1803490,80915,1094754,627821,126086,321832,183197,86986,96211,98445.38938956424,0.0448657879999334,0.6070197228706563,0.3481144891294102,0.4748221859528267,0.3917758333540481,1803490,0.0
寿阳县,2019,1226418,98689,701370,426359,127226,240283,201772,87534,114238,60782.368217592135,0.0804693016573468,0.5718849527648812,0.347645745577772,0.4338262989909403,0.5294839834694922,1226418,0.0
寿阳县,2020,1300016,110016,763293,426707,130341,251865,200168,90406,109762,64946.24515407058,0.0846266507489138,0.5871412351847978,0.3282321140662884,0.4516506134846729,0.5175034244535763,1300016,0.0
寿阳县,2021,1892306,164628,1256500,471178,145968,217373,198150,91377,106773,95498.66262932122,0.0869986143890047,0.664004658865955,0.2489967267450401,0.4611506434519303,0.6715093410865195,1892306,0.0
寿阳县,2022,2294934,183459,1635751,475724,161200,267243,197364,93945,103419,116279.26065543867,0.0799408610443699,0.712766031615724,0.207293107339906,0.4759986623700371,0.6031963419060555,2294934,0.0
寿阳县,2023,2324277,206649,1603898,513730,164240,288610,196173,95585,100588,118480.9836215993,0.0889089381343101,0.6900631895423824,0.2210278723233074,0.4872485000484266,0.5690724507120335,2324277,0.0
寿阳县,2024,2640412,186600,1456037,997775,180764,286467,194914,98802,96112,135465.48734313596,0.0706707892556161,0.5514431081210054,0.3778861026233784,0.5069004791856921,0.6310115999399581,2640412,0.0
祁县,2019,872060,181819,178780,511460,51097,207566,256251,111461,144790,34031.476950333854,0.2084936816274109,0.2050088296676834,0.5864963419948168,0.4349680586612345,0.246172301822071,872059,-1.14671008875536e-06
祁县,2020,888586,191356,198912,498318,51510,228371,254391,114489,139902,34929.93069723379,0.2153488801309046,0.2238522776636138,0.5607988422054815,0.4500512989846338,0.2255540326924171,888586,0.0
祁县,2021,1062675,242848,258410,561417,54088,222859,252120,115866,136254,42149.571632555926,0.2285251840873268,0.2431693603406498,0.5283054555720235,0.4595668729176582,0.2427005415980508,1062675,0.0
祁县,2022,1123215,251811,293740,577664,48086,219950,250858,116999,133859,44774.93243189374,0.2241877111683871,0.2615171627871779,0.514295126044435,0.4663953312232418,0.218622414185042,1123215,0.0
祁县,2023,1171889,256749,299684,615456,50465,244552,249051,118985,130066,47054.17765839125,0.2190898626064414,0.2557272915779566,0.525182845815602,0.4777535524852339,0.2063569302234289,1171889,0.0
祁县,2024,1371491,263445,290308,817738,49115,240321,247644,123227,124417,55381.55578168661,0.192086568559327,0.2116732811225155,0.5962401503181574,0.4975973574970522,0.204372485134466,1371491,0.0
平遥县,2019,1154389,114176,316543,723670,78614,373766,457232,213258,243974,25247.33614445183,0.0989060013565617,0.2742082608202261,0.6268857378232121,0.4664109248696504,0.2103294574680415,1154389,0.0
平遥县,2020,1123902,124633,304727,694542,46478,373796,450500,216129,234371,24947.88013318535,0.1108931205745696,0.2711330703210778,0.6179738091043525,0.4797536071032186,0.1243405493905766,1123902,0.0
平遥县,2021,1321907,179320,388698,753889,61482,285114,448207,219081,229126,29493.22522852164,0.1356525080811282,0.294043378240678,0.5703041136781937,0.488794240161354,0.2156400597655674,1321907,0.0
平遥县,2022,1417363,190246,445001,782116,65989,384463,446731,219980,226751,31727.43776456077,0.1342253184258372,0.3139640303860055,0.5518106511881572,0.4924216139018783,0.1716394035316792,1417363,0.0
平遥县,2023,1465788,195550,448017,822221,75979,355416,442785,222832,219953,33103.83143060402,0.1334094698551223,0.3056492480495133,0.5609412820953644,0.5032510134715494,0.2137748441263195,1465788,0.0
平遥县,2024,1758197,191195,531058,1035944,69313,335732,423174,218383,204791,41547.85029325998,0.108744924487984,0.3020469264820722,0.5892081490299438,0.516059587781858,0.2064533616098554,1758197,0.0
灵石县,2019,2343124,42382,1532518,768224,201279,265059,248418,142255,106163,94321.8285309438,0.0180878178022161,0.6540490388046044,0.3278631433931793,0.5726436892656732,0.7593743279798083,2343124,0.0
灵石县,2020,2433869,40946,1611242,781681,184030,291440,246305,144766,101539,98815.24938592396,0.0168234198307304,0.6620085140161611,0.3211680661531085,0.5877509591766306,0.631450727422454,2433869,0.0
灵石县,2021,2872260,57863,1950748,863649,227758,287284,245115,145872,99243,117180.09913713972,0.0201454603691866,0.6791683204166754,0.300686219214138,0.595116577932807,0.7927973712423942,2872260,0.0
灵石县,2022,3513226,65813,2533124,914289,276488,365728,244156,146107,98049,143892.6751748882,0.0187329252373744,0.7210250635740485,0.2602420111885771,0.5984165861170727,0.7559935252428034,3513226,0.0
灵石县,2023,3639703,68976,2538616,1032111,239046,381825,242873,147704,95169,149860.3385308371,0.0189509968258399,0.6974788877004525,0.2835701154737076,0.6081532323477702,0.6260616774700452,3639703,0.0
灵石县,2024,3755674,63891,2405455,1286328,239325,363994,236315,146514,89801,158926.60220468443,0.0170118599218143,0.6404855693012759,0.3425025707769098,0.6199944988680363,0.6574971016005758,3755674,0.0
介休县,2019,2444053,45299,1583108,815645,213026,326452,429795,285946,143849,56865.55218185414,0.0185343771186631,0.6477388174479032,0.3337263962770038,0.6653078793378239,0.6525492262262139,2444052,-4.09156429913753e-07
介休县,2020,2418907,54906,1537397,826604,206252,356683,432555,291607,140948,55921.37416051138,0.022698681677303,0.6355750758503738,0.3417262424723232,0.6741501080787414,0.5782501548994485,2418907,0.0
介休县,2021,3230667,70091,2239693,920883,280560,368028,431229,293403,137826,74917.66555588794,0.0216955198415683,0.6932602462587447,0.2850442338996869,0.6803879145419255,0.7623333007271186,3230667,0.0
介休县,2022,3854992,68919,2800747,985326,344366,506350,431973,295210,136763,89241.50351989592,0.0178778581122866,0.7265247243055238,0.2555974175821895,0.6833991939311022,0.6800947960896613,3854992,0.0
介休县,2023,3727812,61392,2656714,1009706,355762,570000,429405,297557,131848,86813.42788276801,0.0164686416589677,0.7126738150958256,0.2708575432452065,0.6929518752692679,0.6241438596491228,3727812,0.0
介休县,2024,4298452,66484,2242665,1989303,310053,473534,416923,293681,123242,103099.42123605558,0.0154669634556812,0.5217378256172222,0.4627952109270965,0.7044010524725189,0.6547639662621902,4298452,0.0
盐湖区,2019,897834,186052,701767,2010015,110139,315999,892376,661343,231033,10061.162559279945,0.2072231615198355,0.7816222152424613,2.2387378958693924,0.7411035258680198,0.3485422422222855,2897834,2.2275832726316893
盐湖区,2020,3050038,199913,728140,2121985,126951,352082,928574,692021,236553,32846.47211746183,0.0655444292825204,0.2387314518704357,0.6957241188470439,0.7452513208424961,0.3605722530546861,3050038,0.0
盐湖区,2021,3598372,251597,994804,2351971,141013,337588,953375,715175,238200,37743.51121017438,0.0699196747862644,0.2764594655583136,0.6536208596554219,0.7501507801232463,0.4177073829638494,3598372,0.0
盐湖区,2022,3933367,256138,1124118,2553111,151515,520087,965788,728028,237760,40727.02290771888,0.0651192731316452,0.2857902656934885,0.6490904611748662,0.7538176080050695,0.2913262588759188,3933367,0.0
盐湖区,2023,4126998,262168,1178683,2686147,166250,483716,985495,752685,232810,41877.41185901501,0.0635251095348241,0.2856029976268464,0.6508718928383295,0.7637633879421002,0.3436934068751085,4126998,0.0
盐湖区,2024,4001122,275158,790441,2935523,143923,495666,1001306,778173,223133,39959.033502246064,0.0687702099561073,0.1975548358685388,0.7336749541753538,0.7771580316107164,0.2903628653165639,4001122,0.0
临猗县,2019,1427446,489792,224839,712815,26378,261208,490233,191673,298560,29117.70525444024,0.343124713649413,0.1575113874710497,0.4993638988795373,0.3909834711249548,0.1009846559064041,1427446,0.0
临猗县,2020,1577819,541452,231988,804379,29800,288678,482281,191345,290936,32715.761143399803,0.3431648370313705,0.1470308064486484,0.509804356519981,0.3967500274736097,0.1032292034723809,1577819,0.0
临猗县,2021,1877955,660786,327594,889575,39852,265522,479199,194370,284829,39189.45991122686,0.3518646612938009,0.1744418795977539,0.473693459108445,0.4056143689782324,0.1500892581405684,1877955,0.0
临猗县,2022,2007787,679351,374280,954156,45479,343986,477021,196325,280696,42090.117625848754,0.3383581027270323,0.1864141963266023,0.4752277009463653,0.4115646900241289,0.1322117760606536,2007787,0.0
临猗县,2023,2037765,634807,391903,1011055,50261,376261,470462,201429,269033,43314.1252641021,0.3115212009235608,0.1923200172738269,0.4961587818026122,0.428151476633607,0.1335801478229208,2037765,0.0
临猗县,2024,1907023,667252,304998,934773,43375,385483,463227,207596,255631,41168.21774205735,0.3498919520110665,0.1599340962327145,0.490173951756219,0.4481517700824866,0.1125211747340349,1907023,0.0
万荣县,2019,772803,212807,167658,392338,18278,237661,368574,111459,257115,20967.37697178857,0.2753703078274799,0.2169479155748619,0.5076817765976581,0.302406029725374,0.0769078645633907,772803,0.0
万荣县,2020,823463,249227,174323,399913,18888,267228,361573,113466,248107,22774.460482392213,0.3026571928550524,0.2116950002610924,0.4856478068838551,0.3138121485841033,0.0706812160402353,823463,0.0
万荣县,2021,1000428,327646,227614,445168,21861,228831,357049,115754,241295,28019.34748451893,0.3275058275058275,0.227516622885405,0.4449775496087674,0.3241963988136082,0.0955333848997732,1000428,0.0
万荣县,2022,1074958,342383,237180,495395,23666,300303,354151,117424,236727,30353.097972333835,0.3185082579970566,0.2206411785390685,0.4608505634638749,0.3315647845128208,0.078807071524427,1074958,0.0
万荣县,2023,1090218,334448,235389,520381,30599,333779,351040,122812,228228,31056.80264357338,0.3067716731882981,0.2159100290033736,0.4773182978083282,0.3498518687329079,0.0916744312853714,1090218,0.0
万荣县,2024,967318,325244,185112,456962,27399,323498,347752,128825,218927,27816.317375601004,0.3362327590306393,0.1913662311669998,0.4724010098023607,0.3704507810163565,0.0846960413974738,967318,0.0
闻喜县,2019,1385304,178974,648325,558005,60831,248845,358945,150684,208261,38593.767847441806,0.1291947471457528,0.4680019692428521,0.402803283611395,0.4197969048182869,0.2444533745906086,1385304,0.0
闻喜县,2020,1514917,199567,687916,627434,58581,285779,355142,149544,205598,42656.65564760011,0.1317346098829176,0.4540948448000781,0.4141705453170041,0.4210822713168254,0.2049870704285479,1514917,0.0
闻喜县,2021,1984732,255580,1021458,707694,71934,281546,353328,51713,201615,56172.50826427569,0.1287730534903453,0.5146578983963578,0.3565690481132969,0.1463597563736811,0.2554964375270826,1984732,0.0
闻喜县,2022,2252248,261497,1221623,769128,72275,295534,352039,153297,198742,63977.22979556242,0.116104887206027,0.5424016360542888,0.3414934767396841,0.4354545945193572,0.2445573098188364,2252248,0.0
闻喜县,2023,2074569,260634,1035170,778765,66502,287598,350244,158084,192160,59232.10675985884,0.1256328422915796,0.4989807521465904,0.3753864055618299,0.4513539132718904,0.2312324842314619,2074569,0.0
闻喜县,2024,1650290,266280,713955,670055,57718,278809,344305,162187,182118,47931.049505525625,0.1613534590890086,0.4326239630610377,0.4060225778499536,0.4710561856493516,0.2070162727888985,1650290,0.0
稷山县,2019,874889,133958,283939,456992,28800,176546,318136,122666,195470,27500.47149646692,0.1531142807830479,0.3245428848688234,0.5223428343481288,0.385577237407901,0.1631302889898383,874889,0.0
稷山县,2020,922255,145780,302349,474126,31928,200509,315917,124711,191206,29192.95257931672,0.158069080677253,0.327836661227101,0.514094258095646,0.394758749924822,0.1592347475674408,922255,0.0
稷山县,2021,1139009,183840,445430,509739,41717,190259,310147,125181,184966,36724.81113794426,0.1614034656442574,0.3910680249234203,0.4475285094323223,0.4036182842329605,0.219264266079397,1139009,0.0
稷山县,2022,1272279,192301,534930,545048,62888,264379,307568,126107,181461,41365.77927482703,0.1511468789471491,0.4204502314350862,0.4284028896177647,0.4100133954117463,0.237870632690191,1272279,0.0
稷山县,2023,1316612,195985,538211,582416,66936,267485,305077,130132,174945,43156.71125650246,0.1488555474201967,0.4087848204330508,0.4423596321467524,0.4265546075253132,0.2502420696487653,1316612,0.0
稷山县,2024,1208376,218545,372382,617449,31085,296866,300646,134224,166422,40192.65182307432,0.1808584414122756,0.3081673254020272,0.5109742331856971,0.4464519734172415,0.1047105428038239,1208376,0.0
新绛县,2019,1142554,181155,563035,398364,56398,211592,286548,115167,171381,39873.04046791462,0.1585526810986614,0.4927863365757767,0.3486609823255618,0.4019117215963818,0.2665412681008733,1142554,0.0
新绛县,2020,1229504,202340,622047,405117,45576,198095,282030,114970,167060,43594.79487997731,0.1645704284003956,0.5059332869189527,0.3294962846806517,0.4076516682622416,0.2300714303743153,1229504,0.0
新绛县,2021,1589291,246707,906468,436116,55880,195087,276477,115082,161395,57483.66048532066,0.155230854513113,0.5703599907128398,0.274409154774047,0.4162443892258669,0.2864363079036532,1589291,0.0
新绛县,2022,1835433,261841,1102938,470654,65759,238828,273843,115692,158151,67025.0106813028,0.1426589801970434,0.6009143346556372,0.2564266851473195,0.4224756521072293,0.275340412346961,1835433,0.0
新绛县,2023,1841217,266874,1085407,488936,66193,270999,271578,119210,152368,67796.9865011157,0.1449443493080935,0.5895052022656754,0.2655504484262311,0.438953081619277,0.2442555138579847,1841217,0.0
新绛县,2024,1588658,255579,676556,656523,57123,264249,268807,123369,145438,59100.32104818699,0.1608772939172559,0.4258663601605884,0.4132563459221556,0.4589501017458622,0.2161711113381696,1588658,0.0
绛县,2019,611737,87648,182143,341946,14735,179335,231859,104592,127267,26384.00924699925,0.1432772580373592,0.2977472345141785,0.5589755074484624,0.4511017471825549,0.0821646638971756,611737,0.0
绛县,2020,639085,103990,173070,362025,15574,207284,226504,102313,124191,28215.17500794688,0.162717009474483,0.2708090473098257,0.5664739432156912,0.4517050471514852,0.075133633083113,639085,0.0
绛县,2021,789425,142668,252798,393959,19179,173650,216894,99654,117240,36396.81134563428,0.180723944643253,0.3202305475504323,0.4990455078063147,0.4594594594594595,0.1104463000287935,789425,0.0
绛县,2022,863431,149026,295196,419209,20723,228308,214678,99872,114806,40219.81758727024,0.1725974629124967,0.3418871919122663,0.4855153451752369,0.4652176748432536,0.0907677348143735,863431,0.0
绛县,2023,870249,152532,274639,443078,26865,245309,211953,102194,109759,41058.58374262218,0.1752739733110868,0.3155866884075707,0.5091393382813425,0.4821540624572429,0.1095149383023044,870249,0.0
绛县,2024,796250,153532,253411,389307,26546,276435,209101,104917,104184,38079.68398046877,0.1928188383045526,0.3182555729984301,0.4889255886970172,0.5017527414981277,0.0960298080923182,796250,0.0
垣曲县,2019,653643,71261,254993,327389,32104,205436,200436,110419,90017,32611.05789379153,0.1090212853193562,0.3901105037459286,0.5008682109347151,0.5508940509688878,0.1562725130941023,653643,0.0
垣曲县,2020,678252,77698,261860,338694,39727,214060,197585,111568,86017,34327.09972923046,0.1145562416329034,0.3860806897731226,0.4993630685939739,0.564658248348812,0.1855881528543399,678252,0.0
垣曲县,2021,878946,108255,394555,376136,45836,207662,195351,111505,83846,44993.16614708908,0.1231645630106969,0.4488956090590321,0.427939827930271,0.5707930852670322,0.2207240612148587,878946,0.0
垣曲县,2022,987789,110323,470641,406825,50788,242859,193962,111562,82400,50926.934141739104,0.1116868076076976,0.4764590413539734,0.411854151038329,0.5751745187201617,0.2091254596288381,987789,0.0
垣曲县,2023,990896,101876,461753,427267,63025,281265,191987,112649,79338,51612.66127394042,0.102812000452116,0.4659954223248453,0.4311925772230385,0.5867532697526395,0.2240769381188558,990896,0.0
垣曲县,2024,981107,102769,451601,426737,61559,255195,190579,115463,75116,51480.33099134742,0.104748004040334,0.460297398754672,0.4349545972049939,0.6058537404435955,0.2412233782009835,981107,0.0
夏县,2019,584258,184463,96170,303625,27624,197003,293611,88419,205192,19899.050103708647,0.3157218215240527,0.1646019395541011,0.5196762389218462,0.3011433495339071,0.1402212149053567,584258,0.0
夏县,2020,632177,221453,99712,311012,19186,247332,287732,88867,198865,21971.03554696732,0.3503022096659638,0.1577279780820877,0.4919698122519484,0.308853377448459,0.0775718467485,632177,0.0
夏县,2021,769594,278654,149527,341413,16786,215813,278937,89092,189845,27590.244392102875,0.3620792261893933,0.194293354677921,0.4436274191326855,0.3193982870684061,0.0777803005379657,769594,0.0
夏县,2022,827827,291558,165367,370902,26187,265626,275312,90619,184693,30068.685709304355,0.3521967754132204,0.1997603363987886,0.448042888187991,0.3291502004997966,0.0985859817939509,827827,0.0
夏县,2023,828559,288898,152792,386869,36583,287308,270367,93994,176373,30645.714898637776,0.3486752301284519,0.184406904034595,0.466917865836953,0.3476533748571386,0.1273302518551519,828559,0.0
夏县,2024,781615,285387,117640,378588,26812,293559,268314,98995,169319,29130.60816804192,0.3651247737057246,0.1505088822502127,0.4843663440440626,0.3689520487190381,0.0913342803320627,781615,0.0
平陆县,2019,503957,95788,157435,250734,28537,205611,209862,77811,132051,24013.732833957554,0.1900717719964203,0.3123976847231013,0.4975305432804783,0.3707722217457186,0.1387912125324034,503957,0.0
平陆县,2020,533505,105272,161177,267056,33941,218433,204738,79255,125483,26057.937461536207,0.1973214871463247,0.3021096334617295,0.5005688793919457,0.3871044945247096,0.1553840308012067,533505,0.0
平陆县,2021,664296,135422,230596,298278,36702,200273,201149,79684,121465,33025.0709672929,0.2038579187591074,0.3471283885496827,0.4490136926912099,0.3961441518476353,0.1832598503043346,664296,0.0
平陆县,2022,720350,139662,240963,339725,35161,245085,198716,80007,118709,36250.22645383361,0.1938807524120219,0.3345082251683209,0.4716110224196571,0.4026198192395177,0.143464512312055,720350,0.0
平陆县,2023,702922,138608,203760,360554,44383,267097,197428,82753,114675,35603.96701582349,0.1971883082333459,0.28987569033264,0.512936001434014,0.4191553376420771,0.1661680962347012,702922,0.0
平陆县,2024,690052,132853,156459,400740,46605,331526,191545,84195,107350,36025.581456054715,0.1925260704990348,0.2267350866311524,0.5807388428698127,0.4395572841890939,0.1405772096306172,690052,0.0
芮城县,2019,902979,235834,213291,453854,36563,204715,347172,173778,173394,26009.55722235664,0.2611732941740616,0.2362081510201233,0.502618554805815,0.5005530399917044,0.1786044012407493,902979,0.0
芮城县,2020,953899,275664,216642,461593,37737,262541,342559,174965,167594,27846.26881792625,0.2889865698569764,0.22711209467669,0.4839013354663334,0.5107587306128287,0.1437375495636872,953899,0.0
芮城县,2021,1168302,348726,296043,523533,45148,252986,334249,173016,161233,34953.043988164514,0.2984896028595346,0.253395954128299,0.4481144430121663,0.517626081155067,0.178460468168199,1168302,0.0
芮城县,2022,1274123,369967,340798,563358,57962,305437,331065,173032,158033,38485.58440185462,0.2903699250386344,0.267476530915775,0.4421535440455906,0.5226526512920423,0.1897674479516234,1274123,0.0
芮城县,2023,1318165,379980,341634,596551,62670,318501,328851,176249,152602,40083.95899662765,0.2882643675108958,0.2591739273914874,0.4525617050976168,0.5359539730759524,0.1967654732638202,1318165,0.0
芮城县,2024,1417487,379018,346741,691728,56488,397949,323169,178696,144473,43862.09692142501,0.267387284680565,0.2446167054794858,0.4879960098399492,0.5529490761799554,0.1419478375369708,1417487,0.0
永济市,2019,1243550,218720,384008,640822,48507,261836,398575,182494,216081,31199.89964247632,0.1758835591652929,0.3087998070041414,0.5153166338305657,0.4578661481527943,0.1852571838860966,1243550,0.0
永济市,2020,1283155,251813,392319,639023,50152,297880,394466,182002,212464,32528.912504499756,0.1962451925137649,0.3057456036098522,0.4980092038763828,0.4613883072305344,0.1683630992345911,1283155,0.0
永济市,2021,1589441,312355,553543,723543,53754,275624,384653,180378,204275,41321.42476465802,0.1965187760980118,0.3482626910970586,0.4552185328049295,0.4689369379674667,0.1950265579194845,1589441,0.0
永济市,2022,1727120,319998,642341,764781,40153,312252,381198,180826,200372,45307.68786824695,0.1852783825096113,0.3719145166519987,0.4428071008383899,0.4743624048394797,0.1285916503337048,1727120,0.0
永济市,2023,1688793,302578,587910,798305,54269,327469,377869,184836,193033,44692.55218078223,0.1791681988260254,0.3481243704823504,0.4727074306916241,0.4891536484866448,0.1657225569443214,1688793,0.0
永济市,2024,1722048,289969,451584,980495,54746,390964,373521,190032,183489,46103.11066847648,0.1683861309324711,0.2622365927082172,0.5693772763593117,0.5087585436963383,0.140028237894026,1722048,0.0
河津市,2019,2500972,85383,1514684,900905,158100,294317,392808,221207,171601,63669.06987637726,0.034139926396617,0.6056381278958741,0.3602219457075089,0.5631428076821245,0.5371759021735067,2500972,0.0
河津市,2020,2598729,103017,1588795,906917,143417,327542,392481,225697,166784,66212.86125952593,0.0396413015747313,0.6113738677638184,0.3489848306614502,0.5750520407357299,0.437858350990102,2598729,0.0
河津市,2021,3480896,131309,2349455,1000132,184206,305605,392429,228085,164344,88701.29373721106,0.0377227587379801,0.6749569651032378,0.2873202761587821,0.5812134169493081,0.6027584627214869,3480896,0.0
河津市,2022,4234749,139082,2949177,1146490,212724,443627,393158,230105,163053,107711.12377212216,0.0328430327275595,0.6964230937890298,0.2707338734834107,0.5852736050137604,0.4795109404973097,4234749,0.0
河津市,2023,4411881,142276,3092185,1177420,227066,420231,393218,234575,158643,112199.36523760358,0.0322483765994595,0.7008767915544413,0.2668748318460992,0.5965520398354094,0.5403361484516849,4411881,0.0
河津市,2024,4195153,136215,2664129,1394809,195816,388597,389652,237944,151708,107664.09514130556,0.0324696143382613,0.6350493057106618,0.3324810799510769,0.6106577150893618,0.5039050738940342,4195153,0.0
忻府区,2019,1800620,87591,487714,1225315,60002,239886,573917,374087,199830,31374.2231019468,0.0486449111972542,0.2708589263698059,0.6804961624329398,0.6518137640111723,0.2501271437266035,1800620,0.0
忻府区,2020,1914266,98246,510625,1305395,63798,273228,577122,384394,192728,33169.17393549371,0.0513230658644096,0.2667471500825904,0.681929784053,0.6660532781630227,0.233497298959111,1914266,0.0
忻府区,2021,2234481,137681,668418,1428382,73589,271489,577990,389247,188743,38659.50968009827,0.0616165454080835,0.2991379206178079,0.6392455339741085,0.6734493676361183,0.2710570225681335,2234481,0.0
忻府区,2022,2441818,152439,732723,1556656,69224,303981,578043,391844,186199,42242.84352548167,0.0624284856610935,0.3000727326934276,0.6374987816454789,0.6778803653015433,0.227724759113234,2441818,0.0
忻府区,2023,2481345,172204,752920,1556221,80490,314436,577134,397114,180020,42994.26129806943,0.0693994587612766,0.3034322111596735,0.6271683300790498,0.6880793715151075,0.2559821394496813,2481345,0.0
忻府区,2024,2469489,147559,371008,1950922,75084,321858,577353,404121,173232,42772.601857096095,0.0597528476539073,0.1502367493841843,0.7900104029619083,0.6999547936877439,0.2332830005778946,2469489,0.0
定襄县,2019,520482,47120,259890,213472,22039,154991,195655,84188,111467,26602.029081802157,0.0905314689076663,0.4993256250936632,0.4101429059986705,0.4302880069510107,0.1421953532785774,520482,0.0
定襄县,2020,565551,50938,274820,239793,25567,181167,193805,85730,108075,29181.44526714997,0.0900679160676932,0.4859331872810763,0.4239988966512304,0.4423518485075204,0.1411239353745439,565551,0.0
定襄县,2021,737533,70934,399285,267314,32634,196038,192010,87244,104766,38411.1765012239,0.0961773913845211,0.5413791654068361,0.3624434432086428,0.4543721681162439,0.166467725645028,737533,0.0
定襄县,2022,795379,71465,435772,288142,25668,203622,191406,88346,103060,41554.548969206815,0.0898502474920761,0.5478796900597074,0.3622700624482165,0.4615633783684942,0.1260571058137136,795379,0.0
定襄县,2023,779339,70854,408462,300023,34437,210030,189723,90047,99676,41077.72911033454,0.0909155066023899,0.5241133832645357,0.3849711101330743,0.4746235300938737,0.1639622911012712,779339,0.0
定襄县,2024,721398,69182,317753,334463,35560,208429,187010,92296,94714,38575.37030105342,0.0958999054613403,0.4404683683625405,0.4636317261761191,0.4935351050745949,0.1706096560459437,721398,0.0
五台县,2019,582623,48027,127983,406613,65720,299890,238946,98244,140702,24383.04051961531,0.0824323790856179,0.2196669201181553,0.6979007007962267,0.411155658600688,0.2191470205742105,582623,0.0
五台县,2020,589863,56689,124552,408622,44957,320555,233064,99135,133929,25309.056739779637,0.0961053668394186,0.2111541154471462,0.6927405177134351,0.4253552672227371,0.1402473834443387,589863,0.0
五台县,2021,693625,78567,171282,443776,68099,328351,229022,100337,128685,30286.391700360666,0.1132701387637412,0.2469374662101279,0.6397923950261308,0.4381107491856677,0.2073969623969471,693625,0.0
五台县,2022,749829,85320,185936,478573,58556,233502,227855,101703,126152,32908.16528055123,0.1137859431950484,0.2479712041012017,0.6382428527037498,0.4463496521910864,0.2507730126508552,749829,0.0
五台县,2023,747926,90191,168852,488883,122304,384322,224426,103177,121249,33326.17432917755,0.1205881330505959,0.2257603024898185,0.6536515644595856,0.4597372853412706,0.3182331482454816,747926,0.0
五台县,2024,719215,85984,172161,461070,57477,329487,220025,105514,114511,32687.876377684355,0.1195525677300946,0.2393734835897471,0.6410739486801582,0.4795545960686285,0.1744439082573819,719215,0.0
代县,2019,673255,30283,394809,248163,34018,189013,181864,84896,96968,37019.696036598776,0.044979985295319,0.5864182219218572,0.3686017927828237,0.4668103637883253,0.1799770386163914,673255,0.0
代县,2020,716203,36864,421061,258278,42571,207984,178617,85299,93318,40097.13521109413,0.0514714403597862,0.5879073391203332,0.3606212205198805,0.4775525285947026,0.204684014154935,716203,0.0
代县,2021,804694,50401,477287,277006,75912,201523,176435,86356,90079,45608.52438575112,0.0626337464924555,0.5931285681265177,0.3442376853810268,0.4894493722900785,0.3766914942711253,804694,0.0
代县,2022,902126,53305,554863,293958,46043,236665,175740,87234,88506,51332.99191988164,0.0590881983226289,0.6150615324245172,0.3258502692528538,0.496381017412086,0.1945492573891365,902126,0.0
代县,2023,827274,55847,470011,301416,32772,235271,174088,88666,85422,47520.44942787556,0.0675072587800414,0.5681442907670252,0.3643484504529333,0.5093171269702679,0.1392946857028703,827274,0.0
代县,2024,423238,51400,88742,283096,25769,229448,171453,90354,81099,24685.36566872554,0.1214446717922303,0.2096739895756052,0.6688813386321644,0.5269899039386887,0.1123086712457724,423238,0.0
繁峙县,2019,720683,65776,344511,310396,31349,235591,251365,124218,127147,28670.777554552144,0.0912689767900727,0.4780340316061292,0.430696991603798,0.4941738109919837,0.1330653547885955,720683,0.0
繁峙县,2020,756980,73305,345073,338602,38359,260516,250298,127090,123208,30243.15016500332,0.0968387539961425,0.4558548442495178,0.4473064017543396,0.5077547563304541,0.1472423958605229,756980,0.0
繁峙县,2021,944247,103093,455129,386025,53313,273895,250111,129585,120526,37753.1176157786,0.1091801191849166,0.4820020609014379,0.4088178199136454,0.518109959178125,0.1946475839281476,944247,0.0
繁峙县,2022,1012736,105758,507856,399122,42907,280646,249893,131145,118748,40526.78546417867,0.1044280049292214,0.5014692871587462,0.3941027079120323,0.5248046163758089,0.1528865545919058,1012736,0.0
繁峙县,2023,930909,104371,442751,383787,46956,295263,248124,133334,114790,37517.89427866712,0.1121172961052047,0.4756114722276828,0.4122712316671125,0.5373684125679096,0.1590311010861503,930909,0.0
繁峙县,2024,741318,101136,237778,402404,43756,324492,244370,135558,108812,30335.884110160823,0.1364272822189667,0.3207503392606142,0.542822378520419,0.5547243933379711,0.1348446186654832,741318,0.0
宁武县,2019,671722,20839,382600,268283,91259,252303,138395,73333,65062,48536.58007876007,0.0310232506900175,0.5695808682758641,0.3993958810341182,0.5298818598937823,0.3617039829094383,671722,0.0
宁武县,2020,727877,23386,414224,290267,77886,307197,135840,73551,62289,53583.40694935218,0.0321290547716166,0.5690851613665495,0.3987857838618338,0.5414531802120142,0.2535376322034395,727877,0.0
宁武县,2021,1119449,33030,757284,329135,110084,299834,134157,73641,60516,83443.2046035615,0.0295055871236653,0.6764792321936953,0.2940151806826394,0.5489165679017867,0.3671498229020057,1119449,0.0
宁武县,2022,1233911,35415,844676,353820,196357,297675,133694,74082,59612,92293.67062097028,0.0287014217394933,0.6845518031689481,0.2867467750915585,0.554116115906473,0.6596355085243975,1233911,0.0
宁武县,2023,1150812,33207,771089,346516,173718,303822,132561,74912,57649,86813.76875551633,0.0288552778386043,0.6700390680667215,0.301105654094674,0.5651134194823515,0.571775579121986,1150812,0.0
宁武县,2024,1280021,34659,868770,376592,126290,327628,130787,75641,55146,97870.6599279745,0.0270768995196172,0.6787154273250204,0.2942076731553623,0.578352588560025,0.3854676645463757,1280021,0.0
静乐县,2019,353327,40040,137064,176223,28748,257018,122813,56496,66317,28769.51137094607,0.1133227859744655,0.3879239344856181,0.4987532795399162,0.4600164477701872,0.1118520881805943,353327,0.0
静乐县,2020,372090,44225,140124,187741,30928,276967,118990,56550,62440,31270.69501638793,0.1188556532021822,0.3765863097637668,0.5045580370340509,0.4752500210101689,0.1116667328598713,372090,0.0
静乐县,2021,479903,59718,205406,214779,32600,252867,116612,56608,60004,41153.82636435358,0.1244376467744523,0.4280156614982611,0.4475466917272865,0.4854388913662402,0.1289215279178382,479903,0.0
静乐县,2022,554551,56752,264286,233513,34652,277675,116046,57066,58980,47787.17060476018,0.10233864874466,0.4765765457099527,0.4210848055453872,0.4917532702548989,0.1247933735482128,554551,0.0
静乐县,2023,547894,61711,262627,223556,36510,252361,114972,57916,57056,47654.55937097728,0.1126331005632476,0.4793390692360201,0.4080278302007322,0.5037400410534739,0.1446737015624442,547894,0.0
静乐县,2024,529230,62120,238207,28903,36610,255303,113409,59161,54248,46665.60854958601,0.1173780775844151,0.4501010902632126,0.0546133061239914,0.5216605384052412,0.1433982366051319,329230,-0.37790752602838
神池县,2019,279272,83511,42677,153084,16908,125254,78427,35843,42584,35609.16521096051,0.2990310521641983,0.1528151766020224,0.5481537712337793,0.4570237290728958,0.1349897009277149,279272,0.0
神池县,2020,280128,94693,39291,146144,19103,163197,75333,35554,39779,37185.29728007646,0.3380347555403244,0.140260880740233,0.5217043637194425,0.4719578405214182,0.1170548478219575,280128,0.0
神池县,2021,348517,125086,62053,161378,21052,145148,75130,36235,38895,46388.52655397311,0.3589093214965124,0.1780487035065721,0.4630419749969155,0.4822973512578198,0.1450381679389313,348517,0.0
神池县,2022,332341,128580,48422,155339,22323,199512,74871,36614,38257,44388.4815215504,0.3868917768195919,0.1456997481502432,0.4674084750301648,0.4890277944731605,0.1118880067364369,332341,0.0
神池县,2023,324241,124756,43372,156113,23841,169157,74152,37175,36977,43726.53468551085,0.3847631854083845,0.1337646997141015,0.4814721148775139,0.5013350954795555,0.1409400734229148,324241,0.0
神池县,2024,387932,120755,98504,168673,18516,177880,73115,38019,35096,53057.785680093,0.3112787808172566,0.2539207902415887,0.4348004289411546,0.5199890583327634,0.1040926467281313,387932,0.0
五寨县,2019,303277,44143,16601,242533,26548,154688,100634,52153,48481,30136.63374207524,0.1455534049730114,0.0547387371940503,0.7997078578329382,0.5182443309418288,0.1716228796028134,303277,0.0
五寨县,2020,314249,50900,17474,245875,31935,175993,100017,53455,46562,31419.558675025244,0.1619734669004515,0.0556055866526226,0.7824209464469258,0.5344591419458692,0.1814560806395709,314249,0.0
五寨县,2021,367304,67238,22787,277279,28405,164589,99458,53863,45595,36930.56365501016,0.1830581752444841,0.0620385293925467,0.7549032953629691,0.5415652838384042,0.1725813997290219,367304,0.0
五寨县,2022,395771,73177,24560,298034,25209,183492,99234,54241,44993,39882.6007215269,0.1848973269895975,0.0620560879902772,0.7530465850201252,0.5465969325029728,0.1373847361192858,395771,0.0
五寨县,2023,413339,88656,21943,302740,24559,203225,98484,54893,43591,41970.16774298364,0.214487382027827,0.0530871754177563,0.7324254425544166,0.5573798789651111,0.1208463525648911,413339,0.0
五寨县,2024,430646,87381,35355,307910,22305,201808,97477,55630,41847,44179.24228279491,0.2029067958369519,0.0820975929185456,0.7149956112445024,0.5706987289309273,0.1105258463490049,430646,0.0
岢岚县,2019,326959,39877,71885,215197,18594,156446,70498,37243,33255,46378.47882209424,0.1219633042675075,0.2198593707467908,0.6581773249857016,0.5282844903401515,0.1188525114096877,326959,0.0
岢岚县,2020,330898,43220,74090,213588,19058,169439,68899,37354,31545,48026.53158971828,0.1306142678408452,0.2239058561852897,0.645479875973865,0.5421559093745918,0.1124770566398526,330898,0.0
岢岚县,2021,444990,77592,176573,190825,20646,160764,68667,37646,31021,64804.054349250735,0.1743679633250185,0.3968021753297827,0.4288298613451988,0.5482400570871016,0.1284242740912144,444990,0.0
岢岚县,2022,505891,81919,217669,206303,21908,174945,68513,37919,30594,73838.68754834849,0.1619301391011107,0.4302685756417884,0.4078012852571008,0.5534570081590355,0.1252279287776158,505891,0.0
岢岚县,2023,509364,82662,217151,209551,23277,184010,67727,38225,29502,75208.410235209,0.1622847315475769,0.4263179180311133,0.4113973504213097,0.5643982458989768,0.1264985598608771,509364,0.0
岢岚县,2024,482634,83965,143023,255646,17501,183150,66536,38444,28092,72537.27305518817,0.1739724097349129,0.296338426219454,0.5296891640456329,0.5777924732475652,0.0955555555555555,482634,0.0
河曲县,2019,1081379,30476,683200,367703,100695,164940,125080,65579,59501,86454.98880716342,0.0281825335983036,0.6317858956018195,0.3400315707998768,0.524296450271826,0.6104947253546744,1081379,0.0
河曲县,2020,1145919,38566,708650,398703,101015,239333,123100,65779,57321,93088.4646628757,0.0336550838235512,0.6184119470922465,0.3479329690842023,0.5343541835905767,0.4220688329649484,1145919,0.0
河曲县,2021,1741834,52893,1242684,446257,125854,207754,122309,66165,56144,142412.577978726,0.0303662691163451,0.7134342308164843,0.2561995000671705,0.5409659142009173,0.6057837634895117,1741834,0.0
河曲县,2022,2076863,58402,1530138,488323,292540,249912,121899,66579,55320,170375.7208836824,0.0281202948870484,0.7367544224149595,0.2351252826979921,0.5461816749932321,1.1705720413585583,2076863,0.0
河曲县,2023,1961771,67466,1403447,490858,225292,314784,120568,67187,53381,162710.75243845797,0.0343903544297474,0.7153979745852089,0.2502116709850436,0.5572539977440116,0.7157034665040155,1961771,0.0
河曲县,2024,1931824,74490,1267202,590132,172199,297654,118940,67994,50946,162420.04371952245,0.0385594132798847,0.6559614126338631,0.3054791740862521,0.5716663864133177,0.5785206985291648,1931824,0.0
保德县,2019,832901,38102,513305,281495,81467,211210,145357,73488,71869,57300.37081117524,0.045746133093849,0.616285729036224,0.3379693384928101,0.5055690472423069,0.3857156384640878,832902,1.200622883151779e-06
保德县,2020,827659,47677,505897,274085,82632,215093,143800,75646,68154,57556.25869262865,0.0576046415250725,0.6112384448184578,0.3311569136564696,0.5260500695410292,0.3841687084191489,827659,0.0
保德县,2021,1221409,62653,858303,300453,95900,216330,143483,76713,66770,85125.69433312658,0.0512956757318801,0.7027154704116312,0.2459888538564887,0.5346487040276549,0.4433042111588776,1221409,0.0
保德县,2022,1385364,68516,990873,325975,161626,260498,143268,77425,65843,96697.37833989448,0.0494570380058959,0.715243791523383,0.235299170470721,0.5404207499232209,0.6204500610369369,1385364,0.0
保德县,2023,1284882,70170,903047,311665,150092,281107,142074,78420,63654,90437.518476287,0.0546120188468668,0.7028248508423341,0.2425631303107989,0.5519658769373706,0.5339319191624542,1284882,0.0
保德县,2024,1263704,73643,798293,391768,124817,283778,140484,79646,60838,89953.58902081376,0.0582755138861632,0.6317088495407153,0.3100156365731215,0.5669400074029782,0.4398402976974959,1263704,0.0
偏关县,2019,341507,36116,165607,139783,21101,200470,77114,38987,38127,44285.99216744041,0.1057547868711329,0.4849300307167935,0.4093122542144085,0.5055761599709521,0.1052576445353419,341506,-2.92819766505518e-06
偏关县,2020,329251,37381,156435,135435,23934,211980,72616,37554,35062,45341.38481877272,0.1135334440897673,0.4751238416891672,0.4113427142210654,0.5171587528919247,0.1129068780073591,329251,0.0
偏关县,2021,384057,50579,185259,148219,26182,190063,69442,36465,32977,55306.15477664814,0.1316965971196984,0.4823737101523992,0.3859296927279024,0.5251144840298378,0.1377543235663964,384057,0.0
偏关县,2022,381886,53591,171844,156451,18306,190787,68636,36468,32168,55639.314645375605,0.140332455235332,0.4499876926622081,0.4096798521024599,0.531324669269771,0.095949933695692,381886,0.0
偏关县,2023,364295,54222,155065,155008,17193,194596,68124,36987,31137,53475.28037108802,0.1488409118983241,0.4256577773507734,0.4255013107509024,0.5429364100757442,0.088352278566877,364295,0.0
偏关县,2024,342141,57326,106170,178645,13333,210270,67087,37425,29662,50999.5975375259,0.1675508050774388,0.3103106613939866,0.5221385335285744,0.5578577071563791,0.0634089503971084,342141,0.0
原平市,2019,1426311,128935,727853,569523,85071,289870,420228,225318,194910,33941.36040435192,0.0903975360212464,0.5103045548972138,0.3992979090815397,0.5361803592335589,0.2934798357884569,1426311,0.0
原平市,2020,1466336,148973,754682,562681,94718,333892,412040,225985,186055,35587.22454130667,0.1015954051458874,0.5146719442201515,0.3837326506339611,0.5484540335889719,0.283678554742252,1466336,0.0
原平市,2021,1928284,204816,1112135,611333,99130,342591,408349,227592,180757,47221.4698701356,0.1062167191139894,0.5767485494875236,0.3170347313984869,0.5573467793480577,0.2893537775364793,1928284,0.0
原平市,2022,2234991,221597,1367357,646037,138870,370631,406465,228884,177581,54986.0627606313,0.0991489451187946,0.611795304768565,0.2890557501126403,0.5631087547513316,0.3746853339305131,2234991,0.0
原平市,2023,2115806,244326,1223958,647522,125746,403400,402517,231351,171166,52564.388584829954,0.1154765607054711,0.578483093440514,0.3060403458540149,0.5747608175555318,0.3117154189390183,2115806,0.0
原平市,2024,1713569,226034,718077,769458,131950,418402,396525,233140,163385,43214.65229178488,0.1319083153348362,0.4190534492629126,0.4490382354022511,0.5879578841182775,0.315366561345309,1713569,0.0
尧都区,2019,337732,80340,654026,2603366,182923,449415,957854,686572,271282,3525.923574991596,0.2378809233356626,1.9365236341240983,7.708378240735257,0.7167814719153441,0.4070246876494999,3337732,8.882782798195018
尧都区,2020,3465112,92918,680047,2692147,187948,457254,959348,696343,263005,36119.44779162515,0.026815294859156,0.1962554168523268,0.776929288288517,0.7258502649716265,0.4110363167954791,3465112,0.0
尧都区,2021,4006403,130602,1022332,2853469,226654,419941,944276,691561,252715,42428.30486001974,0.032598318242074,0.2551745293721076,0.7122271523858184,0.7323716794665966,0.5397281999137974,4006403,0.0
尧都区,2022,4421030,136430,1391964,2892636,253297,472593,944669,696064,248605,46799.778546771406,0.0308593246370189,0.3148506117352743,0.6542900636277067,0.7368337481170654,0.5359728138165398,4421030,0.0
尧都区,2023,4760175,156032,1459464,3144679,243190,452135,945985,706418,239567,50319.77251224914,0.0327786268361982,0.3065988120184657,0.660622561145336,0.746753912588466,0.5378703263405841,4760175,0.0
尧都区,2024,5335657,169612,1424570,3741475,192925,498304,947056,720379,226677,56339.40337213428,0.0317884001913916,0.2669905505545052,0.7012210492541031,0.7606509013194573,0.387163257770357,5335657,0.0
曲沃县,2019,1097480,143288,622061,332131,42882,186483,217339,95064,122275,50496.22939279191,0.1305609213835331,0.5668085067609433,0.3026305718555235,0.4373996383529877,0.2299512556104309,1097480,0.0
曲沃县,2020,1157678,170086,655614,331978,41402,187161,216281,97792,118489,53526.56960158313,0.1469199552898129,0.5663180953598497,0.2867619493503375,0.4521525238000564,0.2212106154594172,1157678,0.0
曲沃县,2021,1579244,221966,997154,360124,56581,149738,212289,98240,114049,74391.23082213398,0.1405520616193571,0.6314122453528397,0.2280356930278032,0.462765381154935,0.3778666737902202,1579244,0.0
曲沃县,2022,1815267,234914,1191464,388889,61781,196792,211501,99345,112156,85827.82114505369,0.1294101639042631,0.6563574394290206,0.2142323966667162,0.46971409118633,0.3139406073417619,1815267,0.0
曲沃县,2023,1926546,269962,1205974,450610,56070,199953,210180,101023,109157,91661.71852697688,0.1401274612700657,0.625977267088354,0.2338952716415803,0.4806499191169474,0.280415897735968,1926546,0.0
曲沃县,2024,1521661,292455,562259,666947,41103,216052,207828,102969,104859,73217.32394095117,0.1921945821046869,0.3695034570774962,0.4383019608178168,0.4954529707257925,0.1902458667357858,1521661,0.0
翼城县,2019,709908,97755,180398,431756,33196,213899,267364,110858,156506,26552.116216094917,0.1377009415304518,0.2541146176687683,0.6081858494340112,0.4146332340928472,0.1551947414433915,709909,1.4086332313482874e-06
翼城县,2020,741494,120312,171148,450034,31913,230284,263526,112302,151224,28137.413386155447,0.1622562016685232,0.230815084140937,0.6069287141905396,0.4261514992828032,0.1385810564346632,741494,0.0
翼城县,2021,905265,151770,269641,483854,40529,223636,259623,113547,146076,34868.443858980136,0.1676525658232672,0.2978586380783527,0.5344887960983801,0.4373533931893553,0.181227530451269,905265,0.0
翼城县,2022,1063457,157595,412556,493306,48034,233204,259158,115223,143935,41035.082845214114,0.1481912291705259,0.3879385814377074,0.4638701893917666,0.4446052215250928,0.2059741685391331,1063457,0.0
翼城县,2023,1054319,182759,351442,520118,51170,271211,257392,117411,139981,40961.60719835892,0.1733431722277603,0.3333355464522597,0.49332128131998,0.4561563684963013,0.1886722883658848,1054319,0.0
翼城县,2024,1147474,199164,332745,615565,32568,270814,254512,119890,134622,45085.26120575847,0.1735673313730855,0.2899804265717567,0.5364522420551576,0.4710583390959955,0.1202596616127674,1147474,0.0
襄汾县,2019,1274786,152439,577957,544390,75502,311593,426965,161271,265694,29856.920356469494,0.1195800706942184,0.4533757038436255,0.427044225462156,0.3777148009790029,0.242309679614112,1274786,0.0
襄汾县,2020,1304965,162345,580606,562014,75573,310366,425416,160829,264587,30675.033379092463,0.1244056354001831,0.4449207450008238,0.4306736195989931,0.3780511311281193,0.2434963881352983,1304965,0.0
襄汾县,2021,1660850,210991,838889,610970,90018,265890,421956,164793,257163,39360.73903440169,0.1270379624890869,0.5050961856880513,0.3678658518228618,0.3905454597161789,0.3385535371770281,1660850,0.0
襄汾县,2022,1783952,214863,952888,616201,77227,320443,420983,167760,253223,42375.86790915547,0.1204421419410387,0.534144416441698,0.3454134416172632,0.3984959012596708,0.2410007396011147,1783952,0.0
襄汾县,2023,1753236,237508,868944,646784,62755,314395,418425,171910,246515,41900.8424448826,0.1354683567985143,0.4956229509318768,0.3689086922696089,0.4108502121049172,0.1996055916919798,1753236,0.0
襄汾县,2024,1489781,250614,396858,842309,41236,329209,412543,176636,235907,36112.138613429386,0.1682220406892019,0.2663868045034807,0.5653911548073173,0.4281638520105782,0.1252578149443059,1489781,0.0
洪洞县,2019,1509920,90091,693684,726145,97092,385846,644150,251825,392325,23440.50298843437,0.0596660750238423,0.4594177174949666,0.480916207481191,0.3909415508810059,0.2516340716244304,1509920,0.0
洪洞县,2020,1500712,104047,669476,727189,92101,431723,636644,251634,385010,23572.23189097832,0.0693317571925859,0.4461055818837992,0.4845626609236149,0.3952507209680763,0.2133335495213366,1500712,0.0
洪洞县,2021,1951539,143632,1006481,801426,106144,404924,627736,255609,372127,31088.530847362585,0.0735993490265887,0.5157370670019917,0.4106635839714195,0.4071918768399454,0.262133141033873,1951539,0.0
洪洞县,2022,2228700,157591,1254376,816733,122690,457436,626844,260130,366714,35554.30059153474,0.0707098308430923,0.5628285547628662,0.3664616143940413,0.4149836322912877,0.2682123838088825,2228700,0.0
洪洞县,2023,2277535,158368,1227340,891827,125984,458376,623594,266306,357288,36522.72151431861,0.0695348260290182,0.5388896328706255,0.3915755411003563,0.4270502923376427,0.274848595912526,2277535,0.0
洪洞县,2024,2287773,163388,974237,1150148,115507,481047,616316,273677,342639,37120.12993334588,0.0714179247678856,0.4258451341107706,0.5027369411213438,0.4440530507077538,0.2401158306776676,2287773,0.0
古县,2019,500779,21251,334676,144852,47691,118826,80850,39785,41065,61939.270253555966,0.0424358848913392,0.6683107718175083,0.2892533432911524,0.4920841063698206,0.4013515560567552,500779,0.0
古县,2020,505587,25011,332121,148455,48800,133400,79618,41127,38491,63501.59511668216,0.0494692308148745,0.6569017795156916,0.2936289896694337,0.5165540455675852,0.3658170914542729,505587,0.0
古县,2021,639072,30756,444717,163599,56766,112851,78550,41302,37248,81358.62507956715,0.0481260327474838,0.6958793375394322,0.2559946297130839,0.5258052196053469,0.5030172528378127,639072,0.0
古县,2022,734512,34508,529255,170749,62594,196074,78237,41617,36620,93882.945409461,0.0469808525932864,0.7205532380682684,0.2324659093384451,0.531935017958255,0.3192366147474933,734512,0.0
古县,2023,691252,38002,471593,181657,74946,171300,77438,41991,35447,89265.21862651412,0.0549756094738243,0.682230214162129,0.2627941763640466,0.5422531573646013,0.4375131348511383,691252,0.0
古县,2024,844557,40568,523923,280066,55487,142324,76572,42647,33925,110295.80003134304,0.048034650118346,0.6203524451280376,0.3316129047536164,0.5569529331870657,0.3898639723447907,844557,0.0
安泽县,2019,628426,30509,448268,149649,66828,131704,76061,34255,41806,82621.31710074809,0.0485482777606273,0.7133186723655609,0.2381330498738117,0.4503622092793942,0.5074105570066209,628426,0.0
安泽县,2020,644989,37236,451225,156528,59694,130047,75471,35136,40335,85461.83302195545,0.0577312171215323,0.6995855743276241,0.2426832085508435,0.4655563063958342,0.4590186624835636,644989,0.0
安泽县,2021,884577,50535,666233,167809,64550,136917,74247,35329,38918,119139.76322275648,0.0571290006409843,0.7531656373611342,0.1897053619978814,0.475830673293197,0.4714535083298641,884577,0.0
安泽县,2022,1172286,56865,945403,170018,99459,154009,74159,35788,38371,158077.3742903761,0.048507787348821,0.8064610513134167,0.1450311613377622,0.4825847166223924,0.6457999207838503,1172286,0.0
安泽县,2023,1216408,56750,974843,184815,116392,190699,73549,36293,37256,165387.42878897063,0.0466537543324279,0.8014112041354545,0.1519350415321175,0.4934533440291506,0.610344050047457,1216408,0.0
安泽县,2024,1230242,55443,855545,319254,156429,185608,72726,36978,35748,169161.23532161812,0.045066742966018,0.6954282165622698,0.2595050404717121,0.5084563979869647,0.8427923365372182,1230242,0.0
浮山县,2019,411888,45754,221335,144799,9255,112062,101494,41962,59532,40582.49748753621,0.1110835955405352,0.537366954123451,0.3515494503360136,0.4134431592015291,0.0825882100979814,411888,0.0
浮山县,2020,391827,46571,196601,148655,13296,142013,98559,42100,56459,39755.577877210606,0.1188560257460562,0.5017546008825323,0.3793893733714114,0.4271553079881086,0.0936252314928915,391827,0.0
浮山县,2021,510610,67220,284933,158457,17714,126685,95419,41819,53600,53512.40319014033,0.1316464620747733,0.5580247155363193,0.3103288223889074,0.4382670118110648,0.1398271302837747,510610,0.0
浮山县,2022,555584,78820,314308,162456,18329,150844,95016,42341,52675,58472.6782857624,0.1418687363207003,0.5657254348577353,0.2924058288215643,0.4456196851056664,0.1215096390973456,555584,0.0
浮山县,2023,554292,88783,296132,169377,15839,156849,94075,43025,51050,58920.22322614935,0.1601736990611446,0.5342527043507754,0.3055735965880799,0.4573478607494021,0.1009824735892482,554292,0.0
浮山县,2024,493286,89698,88327,315261,14628,167520,93021,43931,49090,53029.53096612593,0.1818377168620232,0.1790583961434137,0.639103886994563,0.4722697025402866,0.0873209169054441,493286,0.0
吉县,2019,226685,68617,70570,87498,13825,138662,89121,35764,53357,25435.643675452477,0.3026975759313585,0.3113130555616825,0.385989368506959,0.4012971129139036,0.0997028746159726,226685,0.0
吉县,2020,240549,83627,71691,85231,15350,168150,87093,36871,50222,27619.785746271227,0.3476505826255773,0.298030754648741,0.3543186627256817,0.4233520489591586,0.0912875408861135,240549,0.0
吉县,2021,295501,108369,95743,91389,16589,169977,86006,37379,48627,34358.18431272237,0.3667297234188716,0.3240022876403126,0.3092679889408157,0.4346092133106992,0.0975955570459532,295501,0.0
吉县,2022,343734,105734,143838,94162,32269,371868,85541,37797,47744,40183.53771875475,0.307604135756137,0.4184572954668435,0.2739385687770194,0.4418582901766404,0.0867754149321802,343734,0.0
吉县,2023,403114,135882,163628,103604,26720,174468,84741,38426,46315,47570.125441049786,0.3370808257713699,0.4059099907222274,0.2570091835064026,0.4534522840183618,0.1531512942201435,403114,0.0
吉县,2024,831275,146284,484784,200207,21308,183239,83793,39254,44539,99205.78091248672,0.1759754593846801,0.5831812577065352,0.2408432829087847,0.4684639528361558,0.1162852886121404,831275,0.0
乡宁县,2019,1315563,38645,979301,297617,189760,311909,209061,82410,126651,62927.23176489159,0.0293752560690746,0.744396885591948,0.2262278583389773,0.3941911690846212,0.6083825731222888,1315563,0.0
乡宁县,2020,1421783,46810,1055295,319678,173197,358679,206634,84648,121986,68806.82753080326,0.0329234489370037,0.7422335194611274,0.2248430316018689,0.4096518481953599,0.4828746595144962,1421783,0.0
乡宁县,2021,1932288,60668,1516698,354922,235981,334400,202686,85371,117315,95334.0635268346,0.0313969760201377,0.7849233654610492,0.1836796585188129,0.4211983067404754,0.7056848086124402,1932288,0.0
乡宁县,2022,2596828,61407,2170802,364619,168807,162214,202468,86788,115680,128258.68779263884,0.0236469261730079,0.8359436974647532,0.1404093763622388,0.4286504534049825,1.0406438408522076,2596828,0.0
乡宁县,2023,2649296,64897,2188359,396040,248844,528425,201289,88698,112591,131616.53145477397,0.0244959415633436,0.8260152885898745,0.1494887698467819,0.4406500106811599,0.4709164025169134,2649296,0.0
乡宁县,2024,2332497,68975,1785758,477764,211488,454106,200237,91878,108359,116486.81312644517,0.0295713134893635,0.7655992697954167,0.2048294167152198,0.4588462671733995,0.4657238618296169,2332497,0.0
大宁县,2019,94005,15594,22245,56165,6199,140500,52810,27603,25207,17800.60594584359,0.1658847933620552,0.2366363491303654,0.5974682197755439,0.5226850975194092,0.0441209964412811,94004,-1.063773203553e-05
大宁县,2020,109624,20299,32024,57301,6855,166666,51863,28045,23818,21137.2269247826,0.1851693059913887,0.2921258118660147,0.5227048821425965,0.5407515955498139,0.041130164520658,109624,0.0
大宁县,2021,146616,26983,58113,61520,11406,152888,51189,28187,23002,28642.091074254236,0.1840385769629508,0.3963619250286462,0.4195994980084029,0.5506456465256208,0.0746036314164617,146616,0.0
大宁县,2022,147750,26175,58768,62807,10325,372110,51086,28424,22662,28921.818110636967,0.1771573604060913,0.3977529610829103,0.4250896785109983,0.556395098461418,0.0277471715352987,147750,0.0
大宁县,2023,157122,31859,57898,67365,12074,151549,50658,28716,21942,31016.226459789174,0.2027660034877356,0.3684907269510317,0.4287432695612326,0.5668601208101386,0.0796706015876053,157122,0.0
大宁县,2024,280970,35226,48482,197262,14563,156379,50242,29184,21058,55923.33107758449,0.1253728156030893,0.1725522297754208,0.7020749546214898,0.5808685959953823,0.0931263149144066,280970,0.0
隰县,2019,179968,37798,25296,116874,9565,153199,92472,45392,47080,19461.89116705597,0.2100262268847795,0.1405583214793741,0.6494154516358464,0.4908729128817372,0.0624351333885991,179968,0.0
隰县,2020,202592,62921,21183,118488,10141,161082,91030,46057,44973,22255.520158189607,0.3105798846943611,0.1045599036487126,0.5848602116569263,0.505954081072174,0.0629555133410312,202592,0.0
隰县,2021,254824,98109,31256,125459,12316,146628,88952,45850,43102,28647.360374134365,0.3850069067277807,0.1226572065425548,0.4923358867296644,0.5154465329615973,0.0839948713751807,254824,0.0
隰县,2022,262456,86419,44082,131955,13144,162948,88793,46332,42461,29558.185893032107,0.3292704300911391,0.1679595817965678,0.5027699881122931,0.5217978894732693,0.080663770037067,262456,0.0
隰县,2023,302374,113113,48641,140620,34024,192534,87963,46801,41162,34375.134999943155,0.3740830891544908,0.1608636985984244,0.4650532122470847,0.5320532496617896,0.1767168396231315,302374,0.0
隰县,2024,493145,132243,96855,264047,40454,208237,86979,47569,39410,56697.01882063487,0.268162507984467,0.1964026807531253,0.5354348112624077,0.5469021258004806,0.1942690299994717,493145,0.0
永和县,2019,107583,24942,17972,64668,12617,138189,51203,23129,28074,21011.07356990801,0.2318396029112406,0.1670524153444317,0.6010986865954658,0.4517118137609124,0.0913024915152436,107582,-9.29514886180902e-06
永和县,2020,175018,28000,81490,65528,17989,168561,49800,23115,26685,35144.17670682731,0.1599835445497034,0.4656092516198334,0.3744072038304631,0.4641566265060241,0.1067210090115744,175018,0.0
永和县,2021,210688,37992,102091,70605,20555,125195,47705,22639,25066,44164.76260350068,0.1803235115431348,0.484560107837181,0.3351163806196841,0.4745624148412116,0.1641838731578737,210688,0.0
永和县,2022,249418,42861,133520,73037,17666,138774,47648,22938,24710,52345.953660174615,0.1718440529552798,0.5353262394855223,0.2928297075591978,0.4814053055742109,0.1273005029760618,249418,0.0
永和县,2023,259657,50493,128789,80375,21168,152876,47376,23330,24046,54807.70854441067,0.1944603842761797,0.4959966417235045,0.3095429740003158,0.4924434312732185,0.1384651613072032,259657,0.0
永和县,2024,352902,55218,119502,178182,21868,159412,47046,23869,23177,75012.11580155592,0.1564683679888467,0.3386265875512181,0.504905044459935,0.5073545041023679,0.1371791333149323,352902,0.0
蒲县,2019,107583,24942,17972,64668,118235,188155,96632,46315,50317,11133.268482490272,0.2318396029112406,0.1670524153444317,0.6010986865954658,0.4792925738885669,0.6283914857431373,107582,-9.29514886180902e-06
蒲县,2020,926106,29617,719932,176557,117492,190728,95499,46571,48928,96975.46571168285,0.0319801405022751,0.7773753760368683,0.1906444834608565,0.4876595566445721,0.6160186233798918,926106,0.0
蒲县,2021,1310069,38208,1072650,199211,129231,194063,94342,46970,47372,138863.81463187127,0.0291648760485134,0.8187736676465133,0.1520614563049732,0.497869453689767,0.6659229219377213,1310069,0.0
蒲县,2022,1749270,41634,1498892,208744,207072,246554,94099,47456,16643,185896.7682972189,0.0238007854705105,0.856867150296981,0.1193320642325084,0.5043199183838298,0.8398646949552634,1749270,0.0
蒲县,2023,1759387,44020,1486285,229082,200584,285780,93079,47988,45091,189020.83176656388,0.0250200780158089,0.8447743447007395,0.1302055772834515,0.515562049441872,0.7018825670095878,1759387,0.0
蒲县,2024,1891752,41303,1558137,292312,189559,277739,92038,48824,43214,205540.32030248377,0.0218332001234834,0.8236476028570341,0.1545191970194824,0.5304765422977465,0.6825076780718589,1891752,0.0
汾西县,2019,223143,30244,41245,151653,8617,152404,108466,51393,57073,20572.621835413865,0.1355364049062708,0.1848366294259734,0.6796224842365658,0.4738166798812531,0.0565405107477494,223142,-4.48143118986479e-06
汾西县,2020,244299,36350,48881,159068,10738,159383,104156,50188,53968,23455.10580283421,0.1487930773355601,0.2000867789061764,0.6511201437582634,0.4818541418641269,0.0673723044490315,244299,0.0
汾西县,2021,280806,45902,74427,160477,11015,138196,98509,48443,50066,28505.61877594941,0.1634651681231882,0.2650477553898421,0.5714870764869696,0.491762174014557,0.0797056354742539,280806,0.0
汾西县,2022,295705,46433,85569,163703,12787,167421,98132,48900,49232,30133.39175804019,0.157024737491757,0.289372854703167,0.553602407805076,0.4983084009293604,0.076376320772185,295705,0.0
汾西县,2023,319914,51715,94963,173236,25687,194608,96637,49261,47376,33104.71144592651,0.1616528191951587,0.2968391505217027,0.5415080302831385,0.5097529931599698,0.1319935460001644,319914,0.0
汾西县,2024,451048,52004,102887,296157,14457,184299,95566,50149,45417,47197.538873658,0.1152959330270835,0.2281065429843387,0.6565975239885777,0.5247577590356403,0.0784431820031579,451048,0.0
侯马市,2019,1145717,28321,265499,851896,52923,177187,254865,171397,83468,44953.87754301297,0.0247190187454668,0.2317317452739201,0.7435483631647257,0.6725011280481824,0.2986844407321078,1145716,-8.72815887343907e-07
侯马市,2020,1208420,31467,289036,887917,50006,185944,258014,175437,82577,46835.443037974685,0.026039787491104,0.2391850515549229,0.734775160953973,0.6799514755013294,0.2689304306672976,1208420,0.0
侯马市,2021,1521011,42732,470210,1008069,55566,177841,258046,177288,80758,58943.40543934027,0.0280944713746317,0.3091430633966486,0.6627624652287196,0.6870402951411764,0.3124476358095152,1521011,0.0
侯马市,2022,1706916,46449,596211,1064256,55606,196128,257668,178011,79657,66244.78010463077,0.0272122353999845,0.3492913535288204,0.623496411071195,0.6908541223590046,0.2835189264154021,1706916,0.0
侯马市,2023,1893299,47637,632525,1213137,60271,234941,256192,179578,76614,73901.56601299025,0.0251608435857199,0.3340861638864226,0.6407529925278574,0.7009508493629778,0.2565367475238464,1893299,0.0
侯马市,2024,2121274,52454,731044,1337776,95666,265692,253306,181129,72177,83743.53548672357,0.0247275929465029,0.3446249753685756,0.6306474316849214,0.7150600459523264,0.3600635322102284,2121274,0.0
霍州市,2019,794720,29920,406342,358459,54668,167921,273425,181716,91709,29065.37441711621,0.0376484799677874,0.5113020938192068,0.4510506845178176,0.6645917527658407,0.3255578516087922,794721,1.2583048117576e-06
霍州市,2020,810839,36230,399501,375108,48775,181433,272798,183389,89409,29723.0551543633,0.0446821132185304,0.4927007704365478,0.4626171163449217,0.6722519959823753,0.2688320206357167,810839,0.0
霍州市,2021,1005310,45484,560614,399212,55951,20223,270880,184051,86829,37112.74365032487,0.0452437556574588,0.5576528632958988,0.3971033810466423,0.6794558476077968,2.7667012807199725,1005310,0.0
霍州市,2022,1151691,51628,706301,393762,61070,210847,270595,184926,85669,42561.42944252481,0.0448279963983394,0.6132730046514212,0.3418989989502392,0.6834050887858238,0.2896413038838589,1151691,0.0
霍州市,2023,1147022,52232,667827,426963,58958,232625,268581,186275,82306,42706.74396178434,0.0455370515997077,0.5822268448207619,0.3722361035795303,0.6935524106321743,0.2534465341214401,1147022,0.0
霍州市,2024,1281299,56912,539888,684499,56922,237214,265538,187910,77628,48252.94308159284,0.0444174232556179,0.4213598855536452,0.534222691190737,0.7076576610503958,0.2399605419578945,1281299,0.0
离石区,2019,1370982,20602,477403,872977,146126,244196,439878,322303,117575,31167.323667016764,0.0150271848937476,0.3482197432205529,0.6367530718856994,0.7327099786759056,0.5983963701289129,1370982,0.0
离石区,2020,1547183,23242,678188,845753,160732,271488,456710,335391,121319,33876.70513017013,0.0150221402380972,0.438337287832144,0.5466405719297588,0.7343631626196054,0.5920409005186232,1547183,0.0
离石区,2021,2052397,35766,1051771,964860,173039,252075,464280,343975,120305,44206.01792022056,0.0174264530692648,0.5124598213698421,0.4701137255608929,0.740878349271991,0.6864583953188536,2052397,0.0
离石区,2022,2501777,34721,1495420,971636,316514,354192,466850,347434,119416,53588.45453571811,0.0138785351372244,0.5977431241873277,0.3883783406754479,0.7442090607261433,0.8936226679315173,2501777,0.0
离石区,2023,2223522,34289,1183812,1005421,286010,372127,469797,352447,117350,47329.42100524269,0.0154210302394129,0.5324039969022119,0.4521749728583751,0.7502112614597368,0.7685816938840772,2223522,0.0
离石区,2024,3221821,32653,1639078,1550090,249513,358431,473030,358541,114489,68110.28898801345,0.010134951631391,0.5087427265512268,0.4811223218173822,0.7579667251548527,0.6961256141349381,3221821,0.0
文水县,2019,734354,123146,244225,366983,35114,239595,376504,151250,225254,19504.54709644519,0.1676929655179926,0.3325712122491333,0.499735822232874,0.4017221596583303,0.1465556459859346,734354,0.0
文水县,2020,792483,137612,277624,377247,45559,286406,371925,152114,219811,21307.602339181285,0.173646627120077,0.3503217103710742,0.4760316625088487,0.4089910600255428,0.1590713881692422,792483,0.0
文水县,2021,1001055,212538,358576,429941,57173,248766,364058,152571,211487,27497.12957825401,0.2123140087207995,0.3581981010034413,0.429487890275759,0.4190843217289552,0.2298264232250388,1001055,0.0
文水县,2022,1101106,217149,451733,432224,80882,352425,363197,154953,208244,30317.04557031033,0.1972098962316071,0.4102538720159548,0.392536231752438,0.4266362332287987,0.229501312335958,1101106,0.0
文水县,2023,1139822,228298,454793,456731,82200,375278,359137,158249,200888,31737.804793156927,0.2002926772776802,0.3990035286211356,0.4007037941011842,0.4406368600283457,0.2190376201109577,1139822,0.0
文水县,2024,1292001,213849,409542,668610,63620,247163,354787,162223,192564,36416.24411266478,0.1655176737479305,0.3169827267935551,0.5174995994585143,0.4572405415080034,0.2574009863935945,1292001,0.0
交城县,2019,913209,34949,624710,253550,70716,189729,226958,125342,101616,40236.91608138951,0.0382705382886064,0.6840821761502569,0.2776472855611366,0.5522695829184254,0.3727210916623183,913209,0.0
交城县,2020,849035,39871,545435,263729,66076,219467,226716,126765,99951,37449.27574586708,0.0469603726583709,0.6424175681803459,0.3106220591612831,0.5591356587095749,0.3010748768607581,849035,0.0
交城县,2021,1092995,56392,740837,295766,75045,175131,226501,128353,98148,48255.63684045545,0.0515940146112287,0.6778045645222531,0.2706014208665181,0.5666774098127602,0.4285078027305274,1092995,0.0
交城县,2022,1071464,53565,718005,299894,90001,245825,225586,129102,96484,47496.91913505271,0.0499923469197285,0.670115841502841,0.2798918115774305,0.5722961531300701,0.3661181734974067,1071464,0.0
交城县,2023,1066164,51383,701507,313274,70028,275755,223900,130600,93300,47617.86511835641,0.0481942740516468,0.6579728822207466,0.2938328437276066,0.5832961143367574,0.2539500643687331,1066164,0.0
交城县,2024,1074830,48556,608620,417654,86126,240794,221992,133040,88952,48417.5105409204,0.0451755161281318,0.5662476856805262,0.3885767981913419,0.5993008757072327,0.3576750251252107,1074830,0.0
兴县,2019,1137383,41518,822695,273170,177019,431153,191350,83091,108259,59439.9268356415,0.0365030952634249,0.7233227505598379,0.2401741541767373,0.4342356937548994,0.4105711893457774,1137383,0.0
兴县,2020,1342035,43886,1017410,280739,142580,363940,182711,82526,100185,73451.24267285495,0.0327010845469753,0.7581098853606649,0.2091890300923597,0.4516750496686023,0.3917678738253558,1342035,0.0
兴县,2021,2039982,68468,1657585,313929,200003,363217,176358,81379,94979,115672.77923315077,0.0335630412425207,0.8125488362152216,0.1538881225422577,0.4614420667052246,0.5506432793619241,2039982,0.0
兴县,2022,2195174,70108,1807429,317637,300044,478460,175626,82276,93350,124991.40218418684,0.0319373316192702,0.8233647993279803,0.1446978690527493,0.4684727773792035,0.6271036241274087,2195174,0.0
兴县,2023,2019656,72340,1616595,330721,242723,481373,171787,82883,88904,117567.4527176096,0.0358179808838732,0.800430865454315,0.1637511536618117,0.4824753910365744,0.5042306070344619,2019656,0.0
兴县,2024,2024019,75957,1548158,399904,360285,504897,167855,84230,83625,120581.394656102,0.0375278097685841,0.764893017308632,0.1975791729227838,0.5018021506657532,0.713581185865632,2024019,0.0
临县,2019,897203,89843,398324,409036,78896,554435,410781,137777,273004,21841.39480647839,0.1001367583478878,0.4439619573273829,0.4559012843247292,0.3354025624359452,0.1422998187343872,897203,0.0
临县,2020,1023423,124730,479224,419469,115662,611619,393354,132882,260472,26017.86177336445,0.1218753145082727,0.4682560388031146,0.4098686466886126,0.3378178434692414,0.1891079250317599,1023423,0.0
临县,2021,1531704,174894,895656,461154,102164,405559,389906,136057,253849,39283.929972865255,0.1141826358095297,0.5847448332053713,0.3010725309850989,0.3489482080296276,0.2519090933748233,1531704,0.0
临县,2022,1607054,186098,957772,463184,172265,531158,388215,138738,249477,41395.979032237294,0.1158007136038988,0.5959799732927457,0.2882193131033556,0.3573741354661721,0.3243196939517055,1607054,0.0
临县,2023,1581634,182109,910803,488722,173369,596069,382446,143601,238845,41355.746955125695,0.1151397858164404,0.5758620515239303,0.3089981626596292,0.3754804599865079,0.2908539112082661,1581634,0.0
临县,2024,1869268,199000,1051126,619142,148301,659565,376329,150720,225609,49671.11224487084,0.1064587849361354,0.5623195817828155,0.331221633281049,0.4005006257822278,0.2248466792507182,1869268,0.0
柳林县,2019,2043262,33764,1431110,578388,287588,397103,290191,135589,154602,70410.93624543835,0.0165245573010216,0.7004045491963341,0.2830708935026443,0.4672405415743424,0.7242151280650109,2043262,0.0
柳林县,2020,2205406,40376,1582741,582289,260029,397101,287624,139889,147735,76676.7029176981,0.0183077401621288,0.7176642305317026,0.2640280293061686,0.4863606653130476,0.6548182955973417,2205406,0.0
柳林县,2021,3062208,60944,2335342,665922,295753,338156,284876,141005,143871,107492.66347463458,0.0199019792254477,0.762633367818254,0.2174646529562982,0.4949697412207416,0.8746052117957392,3062208,0.0
柳林县,2022,4169690,64615,3433511,671564,529992,499293,284414,142651,141763,146606.35552398968,0.0154963558441994,0.8234451482004658,0.1610584959553348,0.5015611045869753,1.0614849397047426,4169690,0.0
柳林县,2023,3800978,61822,3050214,688942,465059,651040,281450,144542,136908,135049.8489962693,0.0162647613324781,0.8024813613759406,0.1812538772915812,0.513561911529579,0.7143324526910789,3800978,0.0
柳林县,2024,3439523,69658,2529281,840584,336072,543322,278827,147973,130854,123356.8843763337,0.0202522268349419,0.7353580714535126,0.2443897017115454,0.5306982465830067,0.6185503255896135,3439523,0.0
石楼县,2019,139699,27986,3556,108157,5169,220562,97596,51002,46594,14314.008770851264,0.2003307110287117,0.0254547276644786,0.7742145613068097,0.5225828927415058,0.0234355872725129,139699,0.0
石楼县,2020,173860,46856,16463,110541,5520,264409,96550,52412,44138,18007.250129466596,0.2695041987806281,0.0946911307948924,0.6358046704244794,0.5428482651475919,0.0208767477657719,173860,0.0
石楼县,2021,210151,62365,21215,126571,7301,165947,94604,52085,42519,22213.754175299146,0.2967628038886324,0.1009512207888613,0.6022859753225062,0.5505581159359012,0.0439959746184022,210151,0.0
石楼县,2022,204807,60089,16473,128245,5885,231036,94141,52375,41766,21755.345704846983,0.2933932922214572,0.080431821177987,0.6261748866005556,0.5563463315664801,0.0254722207794456,204807,0.0
石楼县,2023,210281,64355,11561,134365,7495,224726,93569,53086,40483,22473.36190404942,0.306042866450131,0.054978814063087,0.638978319486782,0.5673460227212004,0.0333517261020086,210281,0.0
石楼县,2024,358842,66226,36445,256171,7316,245779,92450,53704,38746,38814.71065440779,0.1845547622630572,0.101562804799884,0.7138824329370587,0.5808977825851812,0.0297665789184592,358842,0.0
岚县,2019,489723,33024,302282,154417,55306,179990,149992,62159,87833,32649.94133020428,0.0674340392425922,0.6172509765724705,0.3153149841849372,0.4144154354898928,0.3072726262570143,489723,0.0
岚县,2020,444593,35876,250896,157821,56903,199911,148150,63776,84374,30009.652379345254,0.0806940280211339,0.5643273735753824,0.3549785984034836,0.4304826189672629,0.2846416655411658,444593,0.0
岚县,2021,652545,55341,423290,173914,92902,200845,145992,64331,81661,44697.3121814894,0.0848079442797048,0.6486755702671846,0.2665164854531105,0.4406474327360403,0.4625557021583808,652545,0.0
岚县,2022,786011,69737,536499,179775,108418,257523,145578,65210,80368,53992.430174889065,0.0887226769091017,0.6825591499355607,0.2287181731553375,0.4479385621453791,0.4210031725321622,786011,0.0
岚县,2023,827933,73249,565258,189426,122292,261402,144669,66828,77841,57229.46864912317,0.0884721348225037,0.6827339893445484,0.2287938758329478,0.4619372498600253,0.4678311566093603,827933,0.0
岚县,2024,938487,64665,625685,248137,130446,265756,142059,67989,74070,66063.185014677,0.0689034584389554,0.6666954363779146,0.2644011051831298,0.4785969209976137,0.4908487484760457,938487,0.0
方山县,2019,502856,27589,351708,123559,51000,161232,114472,44843,69629,43928.29687609197,0.0548646133286666,0.6994209077747904,0.2457144788965429,0.3917377175204417,0.3163143792795475,502856,0.0
方山县,2020,518238,31836,360459,125943,49510,199453,112486,44916,67570,46071.33332148001,0.061431234297755,0.6955472196172415,0.2430215460850034,0.3993030243763668,0.2482289060580688,518238,0.0
方山县,2021,775219,51492,585416,138311,31839,150300,112189,45997,66192,69099.3769442637,0.0664225206038551,0.7551620896804645,0.1784153897156803,0.409995632370375,0.2118363273453093,775219,0.0
方山县,2022,859147,52116,667464,139567,31999,204245,111724,46660,65064,76899.05481364792,0.0606601664208802,0.776891498195303,0.1624483353838167,0.4176363180695285,0.1566696859164239,859147,0.0
方山县,2023,659877,53283,461145,145449,38364,241489,110431,47666,62765,59754.68844799015,0.0807468664614769,0.698834782845894,0.220418350692629,0.4316360442267117,0.1588643789158098,659877,0.0
方山县,2024,802090,52305,416376,333409,30462,226583,108567,48823,59744,73879.72404137538,0.0652108865588649,0.5191138151579,0.4156752982832351,0.4497038694999401,0.1344408009427009,802090,0.0
中阳县,2019,1070345,25306,818441,226598,117404,193028,138652,87401,51251,77196.50636124975,0.0236428441296965,0.7646515843022577,0.2117055715680458,0.6303623460173672,0.6082226412748409,1070345,0.0
中阳县,2020,1175908,29627,915352,230929,97239,180761,138465,89683,48782,84924.56577474452,0.0251949982481622,0.7784214411331499,0.1963835606186878,0.6476943631964757,0.5379423658864467,1175908,0.0
中阳县,2021,1749856,40869,1451686,257301,142889,172836,136925,89677,47248,127796.67701296332,0.023355636120915,0.829603121628294,0.1470412422507909,0.6549351834946139,0.8267316994144739,1749856,0.0
中阳县,2022,2082009,41252,1776472,264285,272101,248125,136295,89875,46420,152757.54796580947,0.0198135550806936,0.8532489532946304,0.1269374916246759,0.6594152390036319,1.0966287153652392,2082009,0.0
中阳县,2023,1800750,39610,1487094,274046,220425,338109,135325,90318,45007,133068.53870312212,0.0219963903928918,0.8258192419825073,0.1521843676246008,0.6674154812488454,0.651934731107424,1800750,0.0
中阳县,2024,2010566,42329,1635253,332984,224086,367658,133983,91028,42955,150061.27643059194,0.0210532755452942,0.8133296793042357,0.16561704515047,0.679399625325601,0.6094957814055454,2010566,0.0
交口县,2019,547586,30268,377404,139914,68103,129610,96817,43489,53328,56558.86879370359,0.0552753357463485,0.6892141143126377,0.2555105499410138,0.4491876426660607,0.5254455674716457,547586,0.0
交口县,2020,423875,39227,245165,139483,31048,135488,94952,44388,50564,44640.97649338613,0.0925437923916248,0.5783898554998526,0.3290663521085226,0.4674783048277024,0.2291568256967406,423875,0.0
交口县,2021,604251,43761,406816,153674,55200,116586,93481,44571,48910,64638.91058075973,0.0724218909029525,0.6732566433485423,0.2543214657485051,0.476792075395,0.4734702279862076,604251,0.0
交口县,2022,593283,40710,402831,149742,543952,341141,93249,45090,48159,63623.52411285912,0.068618180531045,0.6789862510808501,0.2523955683881048,0.4835440594537207,1.5945078427981392,593283,0.0
交口县,2023,602319,36875,408787,156657,47334,147812,92097,45638,46459,65400.501645004726,0.0612217114187,0.6786885354770479,0.2600897531042521,0.4955427429775128,0.3202311043758287,602319,0.0
交口县,2024,582437,37712,294178,250547,66112,161603,90650,46304,44346,64251.18587975731,0.0647486337578141,0.5050812362538781,0.4301701299883077,0.5107997793712079,0.4091013161884371,582437,0.0
孝义市,2019,3182297,67491,1984241,1130565,289237,359591,476467,328398,148069,66789.45236501163,0.0212082656018592,0.623524768429848,0.3552669659682927,0.6892355609097797,0.8043499420174587,3182297,0.0
孝义市,2020,3127769,78239,1905230,1144300,270608,346895,477345,337376,139969,65524.28537012015,0.0250143153154852,0.6091338586705093,0.3658518260140055,0.7067760215357864,0.7800861932284986,3127769,0.0
孝义市,2021,3518703,84924,2150444,1283335,312074,332642,479084,341503,137581,73446.47285235992,0.024135029299148,0.6111467776621101,0.3647181930387418,0.7128248908333403,0.9381677599341032,3518703,0.0
孝义市,2022,4398614,86982,2986379,1325253,447690,545741,479149,343314,135835,91800.54638536238,0.0197748654462519,0.6789363649549608,0.3012887695987872,0.716507808635727,0.8203341878290251,4398614,0.0
孝义市,2023,4722855,89518,3237982,1395355,456360,615852,477727,345161,132566,98860.96033927328,0.0189542130766242,0.6855984356919702,0.2954473512314056,0.7225067873492601,0.7410221936439274,4722855,0.0
孝义市,2024,5055819,91569,2602157,2362093,460341,546528,474206,346502,127704,106616.51265483776,0.0181116056567689,0.5146855534187438,0.4672028409244872,0.7306993163308773,0.8423008519234148,5055819,0.0
汾阳市,2019,2041222,68876,1197893,774453,162348,320898,408384,202845,205539,49982.90824322207,0.0337425326593579,0.5868509157749623,0.3794065515656797,0.4967016337564645,0.5059177682628124,2041222,0.0
汾阳市,2020,1756513,77105,887524,791884,180931,308568,407520,207327,200193,43102.49803690617,0.0438966292876853,0.5052760782299932,0.4508272924823215,0.5087529446407538,0.5863569780404968,1756513,0.0
汾阳市,2021,2432124,100072,1418654,913398,281687,317291,406424,210106,196318,59842.03688758538,0.0411459284148341,0.5832983844573714,0.3755556871277944,0.5169625809499439,0.8877875514905875,2432124,0.0
汾阳市,2022,2647006,102457,1588468,956081,273219,475968,406499,212677,193822,65117.15895980064,0.0387067501924816,0.6000998864377338,0.3611933633697846,0.5231919389715596,0.5740280859217426,2647006,0.0
汾阳市,2023,3004323,110203,1847019,1047101,324340,497186,404213,216332,187881,74325.24436373892,0.0366814753273865,0.6147870918007152,0.3485314328718982,0.5351930788965223,0.6523514338698193,3004323,0.0
汾阳市,2024,3762709,105014,1989698,1667997,347880,584757,401103,221449,179654,93809.046554127,0.0279091473722788,0.5287940151630115,0.4432968374647096,0.5521000840183194,0.5949137847003114,3762709,0.0
